run,scenario,estimator,ntc_fpr_p05,power_q,auroc,fdp_q
a0b119699d,everything,E1,0.11,0.105,0.636,0.629
a0b119699d,everything,E2,0.09,0.238,0.724,0.538
a0b119699d,everything,E3,0.104,0.165,0.59,0.76
a0b119699d,no_effect,E1,0.054,,,1.0
a0b119699d,no_effect,E2,0.048,,,1.0
a0b119699d,no_effect,E3,0.06,,,1.0
a0b119699d,spill,E1,0.048,0.328,0.809,0.275
a0b119699d,spill,E2,0.051,0.365,0.81,0.233
a0b119699d,spill,E3,0.064,0.289,0.763,0.273
a0b119699d,spill_bleed,E1,0.046,0.432,0.838,0.22
a0b119699d,spill_bleed,E2,0.05,0.448,0.835,0.229
a0b119699d,spill_bleed,E3,0.067,0.354,0.78,0.341
a0b119699d,spill_clonal,E1,0.114,0.091,0.6,0.708
a0b119699d,spill_clonal,E2,0.072,0.182,0.68,0.479
a0b119699d,spill_clonal,E3,0.09,0.122,0.586,0.76
a0b119699d,spill_density,E1,0.05,0.297,0.806,0.26
a0b119699d,spill_density,E2,0.048,0.363,0.806,0.213
a0b119699d,spill_density,E3,0.059,0.268,0.764,0.28
a0b119699d,spill_misassign,E1,0.051,0.508,0.854,0.22
a0b119699d,spill_misassign,E2,0.057,0.528,0.856,0.216
a0b119699d,spill_misassign,E3,0.058,0.436,0.825,0.224
a78cc33a76,everything,E1,0.054,0.079,0.739,0.708
a78cc33a76,everything,E2,0.207,0.495,0.714,0.808
a78cc33a76,everything,E2_spatial,0.164,0.464,0.723,0.777
a78cc33a76,no_effect,E1,0.07,,,1.0
a78cc33a76,no_effect,E2,0.126,,,1.0
a78cc33a76,no_effect,E2_spatial,0.114,,,1.0
a78cc33a76,spill,E1,0.075,0.198,0.718,0.46
a78cc33a76,spill,E2,0.138,0.315,0.734,0.592
a78cc33a76,spill,E2_spatial,0.099,0.315,0.73,0.6
a78cc33a76,spill_clonal,E1,0.046,0.117,0.727,0.737
a78cc33a76,spill_clonal,E2,0.175,0.47,0.81,0.806
a78cc33a76,spill_clonal,E2_spatial,0.175,0.347,0.79,0.806
