estimator,spill_lfc_sd,frac_assigned,frac_ntc,ntc_recipients,power,ntc_fpr,fdp
E2_spatial_perm,0.5,0.05,0.1,6.0,0.0,,
E2_spatial_perm,0.5,0.05,0.3,8.0,0.0,,1.0
E2_spatial_perm,0.5,0.05,0.6,11.0,0.0,0.034,1.0
E2_spatial_perm,0.5,0.15,0.1,35.0,0.007,,0.6
E2_spatial_perm,0.5,0.15,0.3,83.0,0.009,0.039,0.75
E2_spatial_perm,0.5,0.15,0.6,94.0,0.026,0.065,0.851
E2_spatial_perm,0.5,0.3,0.1,134.0,0.0,0.0,1.0
E2_spatial_perm,0.5,0.3,0.3,304.0,0.051,0.049,0.606
E2_spatial_perm,0.5,0.3,0.6,360.0,0.062,0.057,0.531
E2_spatial_perm,1.0,0.05,0.1,3.0,0.0,,
E2_spatial_perm,1.0,0.05,0.3,10.0,0.0,,1.0
E2_spatial_perm,1.0,0.05,0.6,10.0,0.0,0.042,1.0
E2_spatial_perm,1.0,0.15,0.1,30.0,0.015,,0.8
E2_spatial_perm,1.0,0.15,0.3,72.0,0.083,0.035,0.517
E2_spatial_perm,1.0,0.15,0.6,94.0,0.084,0.058,0.449
E2_spatial_perm,1.0,0.3,0.1,125.0,0.018,,0.333
E2_spatial_perm,1.0,0.3,0.3,313.0,0.072,0.041,0.55
E2_spatial_perm,1.0,0.3,0.6,343.0,0.316,0.051,0.164
E2_spatial_perm,2.0,0.05,0.1,5.0,0.0,,
E2_spatial_perm,2.0,0.05,0.3,9.0,0.057,,0.0
E2_spatial_perm,2.0,0.05,0.6,11.0,0.034,0.034,0.667
E2_spatial_perm,2.0,0.15,0.1,32.0,0.076,,0.333
E2_spatial_perm,2.0,0.15,0.3,79.0,0.208,0.045,0.367
E2_spatial_perm,2.0,0.15,0.6,91.0,0.367,0.042,0.108
E2_spatial_perm,2.0,0.3,0.1,140.0,0.093,,0.0
E2_spatial_perm,2.0,0.3,0.3,313.0,0.322,0.045,0.31
E2_spatial_perm,2.0,0.3,0.6,347.0,0.542,0.058,0.117
