run,dataset,estimator,spatial_basis,strata,tile_um,control_policy,clean_controls,n_perm,n_tests,n_ntc_tests,ntc_p05,ntc_q10,ntc_p05_auto,ntc_p05_r1,ntc_p05_r2,autonomous_hits,auto_fdp_ntc,spillover_hits,spill_fdp_ntc
2018dbfee2,bundled,E1,0,sample+cell_type,0,unperturbed,False,20.0,9800,300,0.016666666666666666,0.0,,0.01,0.03,0,,0,
055d929ee0,perturb_fish,E1,0,sample+cell_type+tile,400,ntc,True,200.0,7500,1500,0.038,0.0,,0.024,0.045,0,,3,0.0
246b4deb3e,perturb_fish,E2,40,sample+cell_type,0,ntc,True,,56000,6500,0.07553846153846154,0.022,0.058,0.064,0.07,910,0.30824175824175826,1930,0.41416234887737474
5d30bb4682,perturb_fish,E1,0,sample+cell_type,0,ntc,True,200.0,47500,5500,0.08327272727272728,0.009818181818181818,0.08066666666666666,0.06133333333333333,0.074,527,0.3845667299177735,319,0.7131661442006271
8c106a7091,perturb_fish,E1,0,sample+cell_type+tile,250,ntc,True,200.0,4000,1000,0.036,0.0,,,0.036,0,,2,0.0
a16b3fdbc3,perturb_fish,E1,0,sample+cell_type+tile,150,ntc,True,200.0,2000,1000,0.025,0.0,,,0.025,0,,0,
b78f984897,perturb_fish,E2,0,sample+cell_type,0,ntc,True,,56000,6500,0.14692307692307693,0.10815384615384616,0.1625,0.08866666666666667,0.19733333333333333,4202,0.4280104712041885,7089,0.5017162740395918
53c85fb53d,perturb_multi,E1,0,sample+cell_type,0,ntc,True,200.0,33022,1254,0.11084529505582137,0.024720893141945772,0.11084529505582137,,,789,0.9495141529362061,47,0.0
6397283d7d,perturb_multi,E2,40,sample+cell_type,0,ntc,True,,164065,22781,0.1067117334620956,0.029586058557569905,0.07165906309113164,0.12826053403302978,0.12937062937062938,200,1.0,1841,1.0
7c7029afd1,perturb_multi,E1,0,sample+cell_type+tile,400,ntc,True,200.0,0,0,,,,,,0,,0,
a2531ecb83,perturb_multi,E2,0,sample+cell_type,0,ntc,True,,164065,22781,0.1679030771256749,0.017865765330758086,0.2159786358072772,0.13381694705973143,0.14482885535517115,333,1.0,730,1.0
