run,scenario,estimator,kind,ring,null_fpr_q,null_cov95,ntc_cov95,ntc_fpr_p05,power_q,auroc,fdp_q,n_tests
8a2da26f1d,everything,E1,spillover,2.0,0.021,0.926,0.944,0.054,0.079,0.739,0.708,960.0
8a2da26f1d,everything,E2_spatial,autonomous,-1.0,0.011,0.941,0.944,0.056,0.771,0.915,0.163,1500.0
8a2da26f1d,everything,E2_spatial,spillover,1.0,0.11,0.762,0.9,0.1,0.545,0.725,0.8,120.0
8a2da26f1d,everything,E2_spatial,spillover,2.0,0.104,0.811,0.772,0.228,0.384,0.721,0.754,1170.0
8a2da26f1d,everything,E2_spatial_cl,autonomous,-1.0,0.025,0.918,0.916,0.084,0.79,0.913,0.313,1500.0
8a2da26f1d,everything,E2_spatial_cl,spillover,1.0,0.201,0.713,0.808,0.192,0.545,0.71,0.885,120.0
8a2da26f1d,everything,E2_spatial_cl,spillover,2.0,0.168,0.754,0.71,0.29,0.545,0.726,0.785,1170.0
8a2da26f1d,no_effect,E1,autonomous,-1.0,0.001,0.947,0.95,0.053,,,1.0,1500.0
8a2da26f1d,no_effect,E1,spillover,1.0,0.008,0.948,,,,,1.0,750.0
8a2da26f1d,no_effect,E1,spillover,2.0,0.007,0.936,0.924,0.07,,,1.0,1500.0
8a2da26f1d,no_effect,E2_spatial,autonomous,-1.0,0.013,0.943,0.95,0.05,,,1.0,1500.0
8a2da26f1d,no_effect,E2_spatial,spillover,0.0,0.067,0.817,0.817,0.183,,,1.0,60.0
8a2da26f1d,no_effect,E2_spatial,spillover,1.0,0.054,0.879,0.867,0.133,,,1.0,990.0
8a2da26f1d,no_effect,E2_spatial,spillover,2.0,0.025,0.923,0.905,0.095,,,1.0,1500.0
8a2da26f1d,no_effect,E2_spatial_cl,autonomous,-1.0,0.013,0.941,0.948,0.052,,,1.0,1500.0
8a2da26f1d,no_effect,E2_spatial_cl,spillover,0.0,0.067,0.8,0.8,0.2,,,1.0,60.0
8a2da26f1d,no_effect,E2_spatial_cl,spillover,1.0,0.053,0.879,0.868,0.132,,,1.0,990.0
8a2da26f1d,no_effect,E2_spatial_cl,spillover,2.0,0.026,0.921,0.903,0.097,,,1.0,1500.0
8a2da26f1d,spill,E1,autonomous,-1.0,0.01,0.94,0.942,0.058,0.813,0.934,0.117,1500.0
8a2da26f1d,spill,E1,spillover,1.0,0.024,0.936,,,0.216,0.734,0.366,750.0
8a2da26f1d,spill,E1,spillover,2.0,0.016,0.937,0.925,0.075,0.18,0.703,0.554,1500.0
8a2da26f1d,spill,E2_spatial,autonomous,-1.0,0.019,0.946,0.946,0.054,0.832,0.931,0.183,1500.0
8a2da26f1d,spill,E2_spatial,spillover,0.0,0.05,0.9,0.9,0.1,,,1.0,60.0
8a2da26f1d,spill,E2_spatial,spillover,1.0,0.059,0.883,0.89,0.11,0.361,0.748,0.556,990.0
8a2da26f1d,spill,E2_spatial,spillover,2.0,0.039,0.923,0.912,0.088,0.269,0.713,0.644,1500.0
8a2da26f1d,spill,E2_spatial_cl,autonomous,-1.0,0.02,0.946,0.947,0.053,0.832,0.931,0.193,1500.0
8a2da26f1d,spill,E2_spatial_cl,spillover,0.0,0.05,0.9,0.9,0.1,,,1.0,60.0
8a2da26f1d,spill,E2_spatial_cl,spillover,1.0,0.069,0.877,0.88,0.12,0.361,0.745,0.592,990.0
8a2da26f1d,spill,E2_spatial_cl,spillover,2.0,0.042,0.922,0.909,0.091,0.264,0.712,0.668,1500.0
8a2da26f1d,spill_clonal,E1,spillover,2.0,0.026,0.926,0.948,0.046,0.117,0.727,0.737,930.0
8a2da26f1d,spill_clonal,E2_spatial,autonomous,-1.0,0.009,0.945,0.945,0.055,0.762,0.917,0.143,1500.0
8a2da26f1d,spill_clonal,E2_spatial,spillover,1.0,0.09,0.782,0.875,0.125,0.273,0.865,0.864,120.0
8a2da26f1d,spill_clonal,E2_spatial,spillover,2.0,0.097,0.808,0.775,0.225,0.42,0.715,0.748,1170.0
8a2da26f1d,spill_clonal,E2_spatial_cl,autonomous,-1.0,0.026,0.93,0.929,0.071,0.78,0.916,0.318,1500.0
8a2da26f1d,spill_clonal,E2_spatial_cl,spillover,1.0,0.181,0.714,0.825,0.175,0.545,0.867,0.88,120.0
8a2da26f1d,spill_clonal,E2_spatial_cl,spillover,2.0,0.153,0.754,0.708,0.292,0.53,0.725,0.787,1170.0
a78cc33a76,everything,E1,spillover,2.0,0.021,0.926,0.944,0.054,0.079,0.739,0.708,960.0
a78cc33a76,everything,E2,autonomous,-1.0,0.018,0.943,0.949,0.051,0.799,0.931,0.234,1500.0
a78cc33a76,everything,E2,spillover,1.0,0.152,0.725,0.85,0.15,0.545,0.698,0.833,120.0
a78cc33a76,everything,E2,spillover,2.0,0.138,0.782,0.736,0.264,0.445,0.73,0.783,1170.0
a78cc33a76,everything,E2_spatial,autonomous,-1.0,0.011,0.941,0.944,0.056,0.771,0.915,0.163,1500.0
a78cc33a76,everything,E2_spatial,spillover,1.0,0.11,0.762,0.9,0.1,0.545,0.725,0.8,120.0
a78cc33a76,everything,E2_spatial,spillover,2.0,0.104,0.811,0.772,0.228,0.384,0.721,0.754,1170.0
a78cc33a76,no_effect,E1,autonomous,-1.0,0.001,0.947,0.95,0.053,,,1.0,1500.0
a78cc33a76,no_effect,E1,spillover,1.0,0.008,0.948,,,,,1.0,750.0
a78cc33a76,no_effect,E1,spillover,2.0,0.007,0.936,0.924,0.07,,,1.0,1500.0
a78cc33a76,no_effect,E2,autonomous,-1.0,0.003,0.944,0.946,0.054,,,1.0,1500.0
a78cc33a76,no_effect,E2,spillover,0.0,0.067,0.833,0.833,0.167,,,1.0,60.0
a78cc33a76,no_effect,E2,spillover,1.0,0.039,0.87,0.848,0.152,,,1.0,990.0
a78cc33a76,no_effect,E2,spillover,2.0,0.014,0.922,0.899,0.101,,,1.0,1500.0
a78cc33a76,no_effect,E2_spatial,autonomous,-1.0,0.013,0.943,0.95,0.05,,,1.0,1500.0
a78cc33a76,no_effect,E2_spatial,spillover,0.0,0.067,0.817,0.817,0.183,,,1.0,60.0
a78cc33a76,no_effect,E2_spatial,spillover,1.0,0.054,0.879,0.867,0.133,,,1.0,990.0
a78cc33a76,no_effect,E2_spatial,spillover,2.0,0.025,0.923,0.905,0.095,,,1.0,1500.0
a78cc33a76,spill,E1,autonomous,-1.0,0.01,0.94,0.942,0.058,0.813,0.934,0.117,1500.0
a78cc33a76,spill,E1,spillover,1.0,0.024,0.936,,,0.216,0.734,0.366,750.0
a78cc33a76,spill,E1,spillover,2.0,0.016,0.937,0.925,0.075,0.18,0.703,0.554,1500.0
a78cc33a76,spill,E2,autonomous,-1.0,0.014,0.943,0.941,0.059,0.832,0.936,0.145,1500.0
a78cc33a76,spill,E2,spillover,0.0,0.117,0.85,0.85,0.15,,,1.0,60.0
a78cc33a76,spill,E2,spillover,1.0,0.061,0.873,0.835,0.165,0.376,0.75,0.551,990.0
a78cc33a76,spill,E2,spillover,2.0,0.033,0.908,0.888,0.112,0.254,0.717,0.632,1500.0
a78cc33a76,spill,E2_spatial,autonomous,-1.0,0.019,0.946,0.946,0.054,0.832,0.931,0.183,1500.0
a78cc33a76,spill,E2_spatial,spillover,0.0,0.05,0.9,0.9,0.1,,,1.0,60.0
a78cc33a76,spill,E2_spatial,spillover,1.0,0.059,0.883,0.89,0.11,0.361,0.748,0.556,990.0
a78cc33a76,spill,E2_spatial,spillover,2.0,0.039,0.923,0.912,0.088,0.269,0.713,0.644,1500.0
a78cc33a76,spill_clonal,E1,spillover,2.0,0.026,0.926,0.948,0.046,0.117,0.727,0.737,930.0
a78cc33a76,spill_clonal,E2,autonomous,-1.0,0.012,0.948,0.952,0.048,0.79,0.919,0.178,1500.0
a78cc33a76,spill_clonal,E2,spillover,1.0,0.116,0.752,0.892,0.108,0.455,0.901,0.844,120.0
a78cc33a76,spill_clonal,E2,spillover,2.0,0.129,0.785,0.758,0.242,0.485,0.718,0.768,1170.0
a78cc33a76,spill_clonal,E2_spatial,autonomous,-1.0,0.009,0.945,0.945,0.055,0.762,0.917,0.143,1500.0
a78cc33a76,spill_clonal,E2_spatial,spillover,1.0,0.09,0.782,0.875,0.125,0.273,0.865,0.864,120.0
a78cc33a76,spill_clonal,E2_spatial,spillover,2.0,0.097,0.808,0.775,0.225,0.42,0.715,0.748,1170.0
b4c9dbe669,everything,E1,spillover,2.0,0.021,0.926,0.944,0.054,0.079,0.739,0.708,960.0
b4c9dbe669,everything,E2_perm,autonomous,-1.0,0.014,0.944,0.948,0.051,0.782,0.929,0.198,1500.0
b4c9dbe669,everything,E2_perm,spillover,1.0,0.0,1.0,1.0,0.0,0.0,0.731,,120.0
b4c9dbe669,everything,E2_perm,spillover,2.0,0.073,0.855,0.85,0.147,0.374,0.76,0.679,1170.0
b4c9dbe669,everything,E2_spatial_perm,autonomous,-1.0,0.009,0.942,0.945,0.057,0.752,0.913,0.137,1500.0
b4c9dbe669,everything,E2_spatial_perm,spillover,1.0,0.003,0.986,0.992,0.008,0.0,0.787,1.0,120.0
b4c9dbe669,everything,E2_spatial_perm,spillover,2.0,0.065,0.861,0.846,0.151,0.325,0.741,0.683,1170.0
b4c9dbe669,no_effect,E1,autonomous,-1.0,0.001,0.947,0.95,0.053,,,1.0,1500.0
b4c9dbe669,no_effect,E1,spillover,1.0,0.008,0.948,,,,,1.0,750.0
b4c9dbe669,no_effect,E1,spillover,2.0,0.007,0.936,0.924,0.07,,,1.0,1500.0
b4c9dbe669,no_effect,E2_perm,autonomous,-1.0,0.002,0.943,0.948,0.055,,,1.0,1500.0
b4c9dbe669,no_effect,E2_perm,spillover,0.0,0.0,1.0,1.0,0.0,,,,60.0
b4c9dbe669,no_effect,E2_perm,spillover,1.0,0.003,0.978,0.998,0.002,,,1.0,990.0
b4c9dbe669,no_effect,E2_perm,spillover,2.0,0.005,0.943,0.937,0.072,,,1.0,1500.0
b4c9dbe669,no_effect,E2_spatial_perm,autonomous,-1.0,0.003,0.943,0.956,0.044,,,1.0,1500.0
b4c9dbe669,no_effect,E2_spatial_perm,spillover,0.0,0.0,1.0,1.0,0.0,,,,60.0
b4c9dbe669,no_effect,E2_spatial_perm,spillover,1.0,0.004,0.963,1.0,0.0,,,1.0,990.0
b4c9dbe669,no_effect,E2_spatial_perm,spillover,2.0,0.004,0.939,0.931,0.069,,,1.0,1500.0
b4c9dbe669,spill,E1,autonomous,-1.0,0.01,0.94,0.942,0.058,0.813,0.934,0.117,1500.0
b4c9dbe669,spill,E1,spillover,1.0,0.024,0.936,,,0.216,0.734,0.366,750.0
b4c9dbe669,spill,E1,spillover,2.0,0.016,0.937,0.925,0.075,0.18,0.703,0.554,1500.0
b4c9dbe669,spill,E2_perm,autonomous,-1.0,0.009,0.943,0.942,0.061,0.822,0.937,0.1,1500.0
b4c9dbe669,spill,E2_perm,spillover,0.0,0.0,1.0,1.0,0.0,,,,60.0
b4c9dbe669,spill,E2_perm,spillover,1.0,0.005,0.984,0.998,0.002,0.106,0.78,0.194,990.0
b4c9dbe669,spill,E2_perm,spillover,2.0,0.014,0.938,0.929,0.068,0.204,0.724,0.488,1500.0
b4c9dbe669,spill,E2_spatial_perm,autonomous,-1.0,0.008,0.94,0.941,0.06,0.81,0.932,0.089,1500.0
b4c9dbe669,spill,E2_spatial_perm,spillover,0.0,0.0,1.0,1.0,0.0,,,,60.0
b4c9dbe669,spill,E2_spatial_perm,spillover,1.0,0.006,0.977,0.992,0.008,0.108,0.751,0.299,990.0
b4c9dbe669,spill,E2_spatial_perm,spillover,2.0,0.016,0.935,0.928,0.071,0.199,0.72,0.514,1500.0
b4c9dbe669,spill_clonal,E1,spillover,2.0,0.026,0.926,0.948,0.046,0.117,0.727,0.737,930.0
b4c9dbe669,spill_clonal,E2_perm,autonomous,-1.0,0.009,0.95,0.952,0.048,0.79,0.919,0.143,1500.0
b4c9dbe669,spill_clonal,E2_perm,spillover,1.0,0.0,1.0,1.0,0.0,0.0,0.93,,120.0
b4c9dbe669,spill_clonal,E2_perm,spillover,2.0,0.078,0.852,0.858,0.139,0.452,0.752,0.673,1170.0
b4c9dbe669,spill_clonal,E2_spatial_perm,autonomous,-1.0,0.008,0.947,0.949,0.05,0.774,0.916,0.121,1500.0
b4c9dbe669,spill_clonal,E2_spatial_perm,spillover,1.0,0.028,0.972,1.0,0.0,0.0,0.937,1.0,120.0
b4c9dbe669,spill_clonal,E2_spatial_perm,spillover,2.0,0.061,0.863,0.856,0.146,0.404,0.734,0.659,1170.0
