frac_assigned,frac_ntc,spill_lfc_sd,median_ntc_recipients,n_ntc,estimator,kind,ring,n_tests,n_nonnull,n_compositional,null_mean_estimate,null_coverage95,null_fpr_q,null_fpr_p05,ntc_coverage95,ntc_fpr_q,ntc_fpr_p05,power_q,sign_agreement,auroc,fdp_q
0.05,0.1,0.5,6.0,167,E2_spatial_perm,autonomous,-1,1440,86,376,0.003810771452952594,0.941717791411043,0.0081799591002045,0.06237218813905931,0.9333333333333333,0.011111111111111112,0.07222222222222222,0.5116279069767442,0.872093023255814,0.837613544490417,0.15384615384615385
0.05,0.1,0.5,6.0,167,E2_spatial_perm,spillover,2,120,9,0,-0.015200010837006655,0.9819819819819819,0.0,0.018018018018018018,,,,0.0,0.7777777777777778,0.6186186186186187,
0.05,0.1,1.0,3.0,146,E2_spatial_perm,autonomous,-1,1500,108,362,-0.005206318979711605,0.933009708737864,0.014563106796116505,0.07184466019417475,0.935,0.016666666666666666,0.065,0.6666666666666666,0.9259259259259259,0.9244606256742179,0.1724137931034483
0.05,0.1,1.0,3.0,146,E2_spatial_perm,spillover,2,120,9,0,0.019098615005371546,1.0,0.0,0.0,,,,0.0,0.3333333333333333,0.5545545545545546,
0.05,0.1,2.0,5.0,157,E2_spatial_perm,autonomous,-1,1500,109,369,-0.0022096890511572147,0.9432485322896281,0.007827788649706457,0.057729941291585124,0.95,0.01,0.04833333333333333,0.5779816513761468,0.908256880733945,0.8911291046517891,0.11267605633802817
0.05,0.1,2.0,5.0,157,E2_spatial_perm,spillover,2,120,10,50,0.01789801736966016,1.0,0.0,0.0,,,,0.0,0.9,0.7050000000000001,
0.05,0.3,0.5,8.0,440,E2_spatial_perm,autonomous,-1,1500,85,490,-0.0008931427945740021,0.9459459459459459,0.00972972972972973,0.06054054054054054,0.9566666666666667,0.011666666666666667,0.051666666666666666,0.6235294117647059,0.9294117647058824,0.894550079491256,0.14516129032258066
0.05,0.3,0.5,8.0,440,E2_spatial_perm,spillover,2,540,73,88,0.013949273287392441,0.978891820580475,0.005277044854881266,0.018469656992084433,,,,0.0,0.5616438356164384,0.5146564499222901,1.0
0.05,0.3,1.0,10.0,464,E2_spatial_perm,autonomous,-1,1500,78,209,0.0058777875692546866,0.9422918384171476,0.006595218466611707,0.060181368507831824,0.9416666666666667,0.008333333333333333,0.06,0.6794871794871795,0.9102564102564102,0.9089458219713785,0.13114754098360656
0.05,0.3,1.0,10.0,464,E2_spatial_perm,spillover,2,540,31,99,0.019475282342024072,0.9560975609756097,0.007317073170731708,0.03902439024390244,,,,0.0,0.6451612903225806,0.5791502753737214,1.0
0.05,0.3,2.0,9.0,430,E2_spatial_perm,autonomous,-1,1500,99,423,0.0005006466896594585,0.9519427402862985,0.012269938650306749,0.04703476482617587,0.9516666666666667,0.01,0.04666666666666667,0.6666666666666666,0.9393939393939394,0.9020160707277272,0.15384615384615385
0.05,0.3,2.0,9.0,430,E2_spatial_perm,spillover,2,480,88,332,-0.0064213954378377685,0.9666666666666667,0.0,0.03333333333333333,,,,0.056818181818181816,0.6818181818181818,0.6339015151515152,0.0
0.05,0.6,0.5,11.0,922,E2_spatial_perm,autonomous,-1,1500,91,479,0.0014755831571830812,0.946236559139785,0.0032258064516129032,0.05053763440860215,0.945,0.005,0.056666666666666664,0.6263736263736264,0.978021978021978,0.8758478081058727,0.05
0.05,0.6,0.5,11.0,922,E2_spatial_perm,spillover,1,360,0,0,-0.0075659181435927154,0.9916666666666667,0.0,0.005555555555555556,0.9916666666666667,0.0,0.005555555555555556,,,,
0.05,0.6,0.5,11.0,922,E2_spatial_perm,spillover,2,1140,71,105,-0.008518573843678278,0.941908713692946,0.011410788381742738,0.06016597510373444,0.945,0.01,0.06333333333333334,0.0,0.4507042253521127,0.44461165332242414,1.0
0.05,0.6,1.0,10.0,930,E2_spatial_perm,autonomous,-1,1500,89,477,0.0018258013994064501,0.9646680942184154,0.0010706638115631692,0.03747323340471092,0.9666666666666667,0.0016666666666666668,0.03666666666666667,0.5730337078651685,0.9662921348314607,0.8672978370185019,0.019230769230769232
0.05,0.6,1.0,10.0,930,E2_spatial_perm,spillover,1,120,10,0,0.03336240730175302,0.990909090909091,0.0,0.00909090909090909,0.9833333333333333,0.0,0.016666666666666666,0.0,0.9,0.5445454545454546,
0.05,0.6,1.0,10.0,930,E2_spatial_perm,spillover,2,1320,64,187,0.0031309588881776314,0.9466791393826005,0.005612722170252572,0.05144995322731525,0.9316666666666666,0.0033333333333333335,0.06666666666666667,0.0,0.640625,0.5083606173994387,1.0
0.05,0.6,2.0,11.0,905,E2_spatial_perm,autonomous,-1,1500,87,160,0.006365635911679539,0.9353551476456504,0.0039904229848363925,0.06464485235434957,0.9483333333333334,0.0016666666666666668,0.051666666666666666,0.6206896551724138,0.9080459770114943,0.896533377365587,0.0847457627118644
0.05,0.6,2.0,11.0,905,E2_spatial_perm,spillover,1,420,14,46,0.01578594478954682,0.9888888888888889,0.002777777777777778,0.011111111111111112,0.9866666666666667,0.0033333333333333335,0.013333333333333334,0.0,0.5714285714285714,0.4299603174603175,1.0
0.05,0.6,2.0,11.0,905,E2_spatial_perm,spillover,2,1320,89,331,-0.004561883216781183,0.9488888888888889,0.0033333333333333335,0.04888888888888889,0.94,0.0033333333333333335,0.055,0.06741573033707865,0.8539325842696629,0.6261797752808989,0.3333333333333333
0.15,0.1,0.5,35.0,467,E2_spatial_perm,autonomous,-1,1500,101,316,0.0020328771190460536,0.9270544783010157,0.0046168051708217915,0.07571560480147738,0.925,0.005,0.07666666666666666,0.7128712871287128,0.9702970297029703,0.9234890248027574,0.06493506493506493
0.15,0.1,0.5,35.0,467,E2_spatial_perm,spillover,1,120,26,0,0.01717508547367395,1.0,0.0,0.0,,,,0.0,0.6538461538461539,0.6117021276595745,
0.15,0.1,0.5,35.0,467,E2_spatial_perm,spillover,2,900,136,49,0.01136383999183886,0.9496503496503497,0.004195804195804196,0.05454545454545454,,,,0.014705882352941176,0.6029411764705882,0.5363739201974496,0.6
0.15,0.1,1.0,30.0,440,E2_spatial_perm,autonomous,-1,1500,90,369,0.000891838785920875,0.9442843419788665,0.004803073967339097,0.06147934678194044,0.9483333333333334,0.006666666666666667,0.058333333333333334,0.6555555555555556,0.9444444444444444,0.900704450848543,0.078125
0.15,0.1,1.0,30.0,440,E2_spatial_perm,spillover,1,60,0,0,-0.010054497500347311,0.9833333333333333,0.0,0.016666666666666666,,,,,,,
0.15,0.1,1.0,30.0,440,E2_spatial_perm,spillover,2,780,66,136,0.0012623425156872779,0.9429065743944637,0.006920415224913495,0.05709342560553633,,,,0.015151515151515152,0.5909090909090909,0.4684911397714166,0.8
0.15,0.1,2.0,32.0,458,E2_spatial_perm,autonomous,-1,1500,84,539,0.0022627549505932773,0.9338654503990877,0.012542759407069556,0.07183580387685291,0.9383333333333334,0.011666666666666667,0.06666666666666667,0.7261904761904762,0.9404761904761905,0.8630748764728239,0.1527777777777778
0.15,0.1,2.0,32.0,458,E2_spatial_perm,spillover,1,240,23,97,-0.04561527431900685,1.0,0.0,0.0,,,,0.0,0.8260869565217391,0.6721014492753623,
0.15,0.1,2.0,32.0,458,E2_spatial_perm,spillover,2,780,79,281,0.009968577457138361,0.9404761904761905,0.014285714285714285,0.05952380952380952,,,,0.1518987341772152,0.7341772151898734,0.6919228450874021,0.3333333333333333
0.15,0.3,0.5,83.0,1412,E2_spatial_perm,autonomous,-1,1500,82,268,-0.0005348535805310568,0.9495652173913044,0.004347826086956522,0.05478260869565217,0.9566666666666667,0.0,0.041666666666666664,0.7926829268292683,0.9512195121951219,0.945355249204666,0.07142857142857142
0.15,0.3,0.5,83.0,1412,E2_spatial_perm,spillover,1,660,54,89,0.017039841177375493,0.9690522243713733,0.0019342359767891683,0.029013539651837523,0.9833333333333333,0.0,0.016666666666666666,0.018518518518518517,0.7222222222222222,0.6217494089834515,0.5
0.15,0.3,0.5,83.0,1412,E2_spatial_perm,spillover,2,1500,97,89,0.0006422995826097359,0.9406392694063926,0.0045662100456621,0.060882800608828,0.9383333333333334,0.005,0.06166666666666667,0.0,0.6597938144329897,0.5444067849801504,1.0
0.15,0.3,1.0,72.0,1335,E2_spatial_perm,autonomous,-1,1500,100,535,0.004430965280018062,0.9375722543352601,0.005780346820809248,0.06589595375722543,0.9416666666666667,0.005,0.06333333333333334,0.79,0.99,0.9272832369942196,0.05952380952380952
0.15,0.3,1.0,72.0,1335,E2_spatial_perm,spillover,0,60,0,0,0.02401798727314473,1.0,0.0,0.0,,,,,,,
0.15,0.3,1.0,72.0,1335,E2_spatial_perm,spillover,1,1200,57,189,0.00442224758878188,0.9675052410901468,0.005241090146750524,0.031446540880503145,0.9875,0.0,0.0125,0.08771929824561403,0.7719298245614035,0.738074221192394,0.5
0.15,0.3,1.0,72.0,1335,E2_spatial_perm,spillover,2,1500,89,277,0.0015335263788581047,0.9479717813051146,0.007054673721340388,0.05731922398589065,0.9466666666666667,0.008333333333333333,0.058333333333333334,0.07865168539325842,0.8202247191011236,0.609872579910033,0.5333333333333333
0.15,0.3,2.0,79.0,1331,E2_spatial_perm,autonomous,-1,1500,88,377,-0.00333146486960629,0.9178743961352657,0.015458937198067632,0.07729468599033816,0.92,0.011666666666666667,0.07833333333333334,0.7727272727272727,0.9886363636363636,0.94643170838823,0.19047619047619047
0.15,0.3,2.0,79.0,1331,E2_spatial_perm,spillover,0,60,0,0,0.016213988198562276,1.0,0.0,0.0,,,,,,,
0.15,0.3,2.0,79.0,1331,E2_spatial_perm,spillover,1,960,65,185,-0.02419997671847292,0.9591549295774648,0.011267605633802818,0.03943661971830986,0.9833333333333333,0.006666666666666667,0.013333333333333334,0.18461538461538463,0.7692307692307693,0.7821018418201517,0.4
0.15,0.3,2.0,79.0,1331,E2_spatial_perm,spillover,2,1500,78,232,-0.002187452432089224,0.9394957983193277,0.007563025210084034,0.06218487394957983,0.9266666666666666,0.013333333333333334,0.07666666666666666,0.23076923076923078,0.8589743589743589,0.7606119370825254,0.3333333333333333
0.15,0.6,0.5,94.0,2718,E2_spatial_perm,autonomous,-1,1500,74,162,-0.0032812241264924998,0.9509493670886076,0.0023734177215189874,0.049841772151898736,0.95,0.0033333333333333335,0.051666666666666666,0.6486486486486487,0.918918918918919,0.8848144030106055,0.058823529411764705
0.15,0.6,0.5,94.0,2718,E2_spatial_perm,spillover,0,420,0,0,0.0032146534814423465,0.9904761904761905,0.002380952380952381,0.009523809523809525,0.9833333333333333,0.004166666666666667,0.016666666666666666,,,,1.0
0.15,0.6,0.5,94.0,2718,E2_spatial_perm,spillover,1,1500,77,44,0.005411753814808413,0.9456127628716461,0.007976794778825236,0.05366207396664249,0.9383333333333334,0.0033333333333333335,0.06166666666666667,0.03896103896103896,0.6753246753246753,0.5518868368759594,0.7857142857142857
0.15,0.6,0.5,94.0,2718,E2_spatial_perm,spillover,2,1500,77,44,0.0009692513888789398,0.9361856417693981,0.007976794778825236,0.06671501087744743,0.935,0.008333333333333333,0.06833333333333333,0.012987012987012988,0.7012987012987013,0.5374212444553271,0.9166666666666666
0.15,0.6,1.0,94.0,2662,E2_spatial_perm,autonomous,-1,1500,93,214,0.002829994526818263,0.9446772841575859,0.006705783738474434,0.057837384744341996,0.9483333333333334,0.006666666666666667,0.04833333333333333,0.8064516129032258,0.946236559139785,0.9096431693841315,0.0963855421686747
0.15,0.6,1.0,94.0,2662,E2_spatial_perm,spillover,0,480,33,49,0.00811283228197329,0.9597989949748744,0.01256281407035176,0.032663316582914576,0.9466666666666667,0.016666666666666666,0.043333333333333335,0.0,0.9393939393939394,0.29465509365006853,1.0
0.15,0.6,1.0,94.0,2662,E2_spatial_perm,spillover,1,1500,101,231,0.0011651016651547563,0.9452054794520548,0.012842465753424657,0.05393835616438356,0.9466666666666667,0.008333333333333333,0.051666666666666666,0.0891089108910891,0.801980198019802,0.6435558795605588,0.625
0.15,0.6,1.0,94.0,2662,E2_spatial_perm,spillover,2,1500,101,231,-6.689196101658628e-06,0.9426369863013698,0.0025684931506849314,0.05393835616438356,0.9333333333333333,0.0033333333333333335,0.06333333333333334,0.07920792079207921,0.7821782178217822,0.6523294452732945,0.2727272727272727
0.15,0.6,2.0,91.0,2689,E2_spatial_perm,autonomous,-1,1500,81,486,0.0006495922324340561,0.9560557341907824,0.004287245444801715,0.04930332261521972,0.95,0.005,0.05333333333333334,0.691358024691358,1.0,0.92992206211213,0.06666666666666667
0.15,0.6,2.0,91.0,2689,E2_spatial_perm,spillover,0,660,18,52,-0.003032497338341438,0.9830508474576272,0.003389830508474576,0.010169491525423728,0.98125,0.0020833333333333333,0.010416666666666666,0.0,0.8888888888888888,0.7362523540489643,1.0
0.15,0.6,2.0,91.0,2689,E2_spatial_perm,spillover,1,1500,124,436,0.0038191071852664753,0.9446808510638298,0.006382978723404255,0.05319148936170213,0.9516666666666667,0.006666666666666667,0.05333333333333334,0.3790322580645161,0.9274193548387096,0.7852608098833219,0.11320754716981132
0.15,0.6,2.0,91.0,2689,E2_spatial_perm,spillover,2,1500,124,436,0.0023210116169113215,0.9574468085106383,0.005319148936170213,0.043617021276595745,0.96,0.005,0.03166666666666667,0.3548387096774194,0.8387096774193549,0.8125000000000001,0.10204081632653061
0.3,0.1,0.5,134.0,932,E2_spatial_perm,autonomous,-1,1500,77,328,0.0003508433480103844,0.9470319634703196,0.0027397260273972603,0.0547945205479452,0.9416666666666667,0.005,0.06166666666666667,0.6493506493506493,0.948051948051948,0.8997687244262587,0.05660377358490566
0.3,0.1,0.5,134.0,932,E2_spatial_perm,spillover,1,120,0,0,-0.04133031209884505,0.9916666666666667,0.0,0.008333333333333333,,,,,,,
0.3,0.1,0.5,134.0,932,E2_spatial_perm,spillover,2,1020,48,47,-0.009096069410322837,0.9535135135135135,0.0075675675675675675,0.04864864864864865,1.0,0.0,0.0,0.0,0.6666666666666666,0.5835810810810811,1.0
0.3,0.1,1.0,125.0,886,E2_spatial_perm,autonomous,-1,1440,106,370,0.002839079166092023,0.950207468879668,0.005186721991701245,0.046680497925311204,0.9555555555555556,0.003703703703703704,0.040740740740740744,0.5566037735849056,0.9622641509433962,0.8734537696703986,0.078125
0.3,0.1,1.0,125.0,886,E2_spatial_perm,spillover,1,240,37,45,0.012066754866112462,0.9936708860759493,0.0,0.006329113924050633,,,,0.0,0.7567567567567568,0.6149503934314061,
0.3,0.1,1.0,125.0,886,E2_spatial_perm,spillover,2,900,111,239,0.011711182151006938,0.9654545454545455,0.0036363636363636364,0.04,,,,0.036036036036036036,0.6486486486486487,0.5626699426699426,0.3333333333333333
0.3,0.1,2.0,140.0,932,E2_spatial_perm,autonomous,-1,1500,84,264,0.0021209548166148348,0.9479166666666666,0.005208333333333333,0.050347222222222224,0.9416666666666667,0.006666666666666667,0.056666666666666664,0.6071428571428571,0.9285714285714286,0.9065910218253969,0.10526315789473684
0.3,0.1,2.0,140.0,932,E2_spatial_perm,spillover,2,900,97,443,0.0011467696080348219,0.9583333333333334,0.0,0.044444444444444446,,,,0.09278350515463918,0.7525773195876289,0.665836197021764,0.0
0.3,0.3,0.5,304.0,2703,E2_spatial_perm,autonomous,-1,1500,97,321,-0.009968235097577906,0.9380776340110906,0.0027726432532347504,0.06284658040665435,0.9433333333333334,0.0016666666666666668,0.06,0.7731958762886598,0.9690721649484536,0.9308077824570765,0.038461538461538464
0.3,0.3,0.5,304.0,2703,E2_spatial_perm,spillover,0,360,36,0,-0.018464380638376663,0.9907407407407407,0.0,0.006172839506172839,,,,0.0,0.75,0.6049382716049382,
0.3,0.3,0.5,304.0,2703,E2_spatial_perm,spillover,1,1200,88,48,-0.00910232206741495,0.943609022556391,0.007518796992481203,0.05921052631578947,0.9666666666666667,0.006666666666666667,0.03666666666666667,0.045454545454545456,0.6704545454545454,0.5931091934381408,0.6666666666666666
0.3,0.3,0.5,304.0,2703,E2_spatial_perm,spillover,2,1500,88,48,-0.0009747546201471893,0.9376832844574781,0.004398826979472141,0.062316715542521994,0.9383333333333334,0.005,0.06166666666666667,0.056818181818181816,0.6704545454545454,0.5709977339376165,0.5454545454545454
0.3,0.3,1.0,313.0,2687,E2_spatial_perm,autonomous,-1,1500,107,310,-0.0026316628110840783,0.9436749769159741,0.00554016620498615,0.05817174515235457,0.9433333333333334,0.008333333333333333,0.06166666666666667,0.7009345794392523,0.9813084112149533,0.9254666425039481,0.07407407407407407
0.3,0.3,1.0,313.0,2687,E2_spatial_perm,spillover,0,180,26,43,0.043254304530346614,1.0,0.0,0.0,,,,0.0,0.8461538461538461,0.7179487179487181,
0.3,0.3,1.0,313.0,2687,E2_spatial_perm,spillover,1,1200,70,180,0.0023946099505673547,0.9568421052631579,0.004210526315789474,0.0431578947368421,0.975,0.005555555555555556,0.022222222222222223,0.04285714285714286,0.7714285714285715,0.6722556390977444,0.5714285714285714
0.3,0.3,1.0,313.0,2687,E2_spatial_perm,spillover,2,1500,79,180,0.0005968996620165269,0.9427880741337631,0.007252215954875101,0.05801772763900081,0.9366666666666666,0.011666666666666667,0.06,0.10126582278481013,0.8354430379746836,0.6831873030120666,0.5294117647058824
0.3,0.3,2.0,313.0,2688,E2_spatial_perm,autonomous,-1,1500,97,423,-0.002666474352535129,0.9418367346938775,0.007142857142857143,0.05714285714285714,0.9433333333333334,0.008333333333333333,0.06,0.7319587628865979,0.9896907216494846,0.9431832526825163,0.08974358974358974
0.3,0.3,2.0,313.0,2688,E2_spatial_perm,spillover,0,240,25,46,0.0063827600787469685,0.9940828402366864,0.0,0.005917159763313609,,,,0.12,0.96,0.7429585798816567,0.0
0.3,0.3,2.0,313.0,2688,E2_spatial_perm,spillover,1,1260,73,187,-0.005714508389644802,0.959,0.009,0.039,0.9571428571428572,0.009523809523809525,0.04047619047619048,0.3561643835616438,0.9178082191780822,0.7878356164383561,0.2571428571428571
0.3,0.3,2.0,313.0,2688,E2_spatial_perm,spillover,2,1500,73,187,0.0030271489690285374,0.9459677419354838,0.00967741935483871,0.06129032258064516,0.95,0.015,0.05,0.2876712328767123,0.9178082191780822,0.8244918250110472,0.36363636363636365
0.3,0.6,0.5,360.0,5439,E2_spatial_perm,autonomous,-1,1500,83,433,7.343589197551127e-05,0.959349593495935,0.0020325203252032522,0.047764227642276426,0.9616666666666667,0.0016666666666666668,0.041666666666666664,0.7108433734939759,0.9879518072289156,0.9324860417278872,0.03278688524590164
0.3,0.6,0.5,360.0,5439,E2_spatial_perm,spillover,0,1440,89,45,-0.003368734535300947,0.9525267993874426,0.010719754977029096,0.04747320061255743,0.9333333333333333,0.018333333333333333,0.06833333333333333,0.07865168539325842,0.8202247191011236,0.6033690658499233,0.6666666666666666
0.3,0.6,0.5,360.0,5439,E2_spatial_perm,spillover,1,1500,89,45,0.0016867504103246374,0.9465592972181552,0.004392386530014641,0.0527086383601757,0.945,0.0016666666666666668,0.055,0.0449438202247191,0.8089887640449438,0.7215194038198957,0.6
0.3,0.6,0.5,360.0,5439,E2_spatial_perm,spillover,2,1500,89,45,-0.0010343092474334,0.9502196193265008,0.004392386530014641,0.04978038067349927,0.9483333333333334,0.0016666666666666668,0.058333333333333334,0.07865168539325842,0.797752808988764,0.640836034020432,0.46153846153846156
0.3,0.6,1.0,343.0,5426,E2_spatial_perm,autonomous,-1,1500,90,376,-0.0018681526303575132,0.9352030947775629,0.01160541586073501,0.07059961315280464,0.9466666666666667,0.011666666666666667,0.055,0.8333333333333334,0.9777777777777777,0.9722652052439287,0.13793103448275862
0.3,0.6,1.0,343.0,5426,E2_spatial_perm,spillover,0,1500,114,337,0.0024421192663275893,0.9551954242135366,0.00667302192564347,0.04099142040038131,0.9516666666666667,0.006666666666666667,0.045,0.16666666666666666,0.8859649122807017,0.6890605923770342,0.2692307692307692
0.3,0.6,1.0,343.0,5426,E2_spatial_perm,spillover,1,1500,114,337,-0.0020185748219859988,0.9466158245948523,0.00667302192564347,0.05147759771210677,0.945,0.005,0.04666666666666667,0.34210526315789475,0.8947368421052632,0.7865134714765943,0.15217391304347827
0.3,0.6,1.0,343.0,5426,E2_spatial_perm,spillover,2,1500,114,337,0.0040241358728926825,0.9494756911344138,0.00667302192564347,0.05624404194470925,0.9466666666666667,0.006666666666666667,0.055,0.2894736842105263,0.8859649122807017,0.8214255849346913,0.175
0.3,0.6,2.0,347.0,5506,E2_spatial_perm,autonomous,-1,1500,102,421,0.0013878023368352874,0.9477993858751279,0.007164790174002047,0.05629477993858751,0.9583333333333334,0.005,0.045,0.7843137254901961,0.9705882352941176,0.9303590422863107,0.08045977011494253
0.3,0.6,2.0,347.0,5506,E2_spatial_perm,spillover,0,1320,97,334,-0.0035814642870368625,0.953880764904387,0.01124859392575928,0.04611923509561305,0.9516666666666667,0.015,0.05,0.4020618556701031,0.8762886597938144,0.7931534331404452,0.20408163265306123
0.3,0.6,2.0,347.0,5506,E2_spatial_perm,spillover,1,1500,118,433,0.007722277537221603,0.9388830347734457,0.008429926238145416,0.06322444678609063,0.9383333333333334,0.006666666666666667,0.065,0.5508474576271186,0.9067796610169492,0.8380007501205552,0.1095890410958904
0.3,0.6,2.0,347.0,5506,E2_spatial_perm,spillover,2,1500,118,433,0.0009152533673950884,0.9409905163329821,0.009483667017913594,0.05795574288724974,0.9483333333333334,0.005,0.05,0.5338983050847458,0.8898305084745762,0.8715865049740137,0.125
