target,n_tests,score,best_q,n_hits,ntc_score_q95,autonomous_hits
Slc35b1,209,9.271307497641715,0.001330489272123,17,5.083689563356174,0
Lars,209,6.052544879333553,0.0006669652086185,7,5.083689563356174,0
Fasn,209,5.252390232685219,0.0146452407480029,12,5.083689563356174,0
Emc2,209,5.240105750476053,0.0097015257156717,9,5.083689563356174,6
Hspa8,209,3.8402359814623823,0.0019402306633047,5,5.083689563356174,0
Slc39a9,209,3.2353332929100587,0.001349045052792,4,5.083689563356174,0
Serpinc1,209,3.086160131624614,0.0080905073404177,5,5.083689563356174,1
Lamtor2,209,2.653471502457727,0.0071654216785121,4,5.083689563356174,0
Lias,209,2.612032385217238,0.003678830526885,3,5.083689563356174,0
Tapbp,209,2.556156788185863,0.0240954406231027,5,5.083689563356174,0
Met,418,2.4148000245863166,0.0069970565677561,8,5.083689563356174,0
Gsk3b,209,2.134177431700657,0.0205197417855087,5,5.083689563356174,0
Hs6st1,209,2.0353487058457826,0.0185301982019435,3,5.083689563356174,1
Polr3a,209,1.9115749269499829,0.1319075282725063,0,5.083689563356174,1
Nubp1,209,1.754289729692005,0.0692045775401764,4,5.083689563356174,1
Bccip,209,1.5753765762081868,0.0024595291500552,2,5.083689563356174,0
Pmpcb,209,1.537062695720218,0.0108734421919548,3,5.083689563356174,0
Taf1a,418,1.5089812561244975,0.0101372909770601,7,5.083689563356174,0
Sec61a1,418,1.478906220530305,0.0052704160646779,5,5.083689563356174,1
Chmp4b,418,1.3332427432470206,0.0064327529083581,4,5.083689563356174,0
Mtbp,209,1.2176520874706909,0.0161311810471298,3,5.083689563356174,0
Rrbp1,209,1.1722701229229289,0.0353345966573568,2,5.083689563356174,0
Ccdc84,418,1.1003471396463511,0.0148252858878489,5,5.083689563356174,0
Dnm2,209,1.0243038933142565,0.0341094343077635,3,5.083689563356174,0
Crnkl1,209,0.9113024636005596,0.0546333795028518,4,5.083689563356174,0
Cct5,209,0.8344406624035905,0.0443983562681376,2,5.083689563356174,0
Slu7,209,0.7540647535057952,0.0223308082562185,1,5.083689563356174,0
Uqcrfs1,209,0.645849543369482,0.0928667013946347,1,5.083689563356174,0
Srebf1,209,0.5934328234235082,0.0463807995092103,2,5.083689563356174,0
Psmc1,209,0.5224147700035018,0.2535851285236689,0,5.083689563356174,1
Psma1,209,0.4989587458577316,0.042787655723139,1,5.083689563356174,0
Gpn1,209,0.49672228968544907,0.0798679888426573,1,5.083689563356174,0
Sec61g,209,0.4733372170950998,0.0061053712633674,1,5.083689563356174,1
Igfbp1,209,0.46383774259226285,0.0290905928015397,1,5.083689563356174,0
Jtb,209,0.4569075175652746,0.0250720089890269,2,5.083689563356174,0
Rpl27,209,0.4536832510927564,0.042673946900661,2,5.083689563356174,0
Dut,418,0.4493079516033711,0.0088276466248512,1,5.083689563356174,0
Rpl19,209,0.40627523153966294,0.0575125712180014,1,5.083689563356174,0
Tap1,209,0.39304887817392586,0.0943539142832254,1,5.083689563356174,0
Eif2b4,209,0.2836174371849307,0.3242157200980055,0,5.083689563356174,0
Hnrnpu,209,0.2591025652652672,0.1240583941500165,0,5.083689563356174,1
Rpl18a,209,0.25270223313862705,0.06989162305521,1,5.083689563356174,0
Nploc4,209,0.23772379336114446,0.5035702878823177,0,5.083689563356174,0
Snw1,209,0.23428621058959287,0.0370518520256362,1,5.083689563356174,0
Hnf4a,209,0.20904942160574036,0.039390641938175,1,5.083689563356174,0
Msto1,209,0.20292652301878045,0.1237886863738468,0,5.083689563356174,0
Arfrp1,209,0.15734118672837138,0.3214202434844361,0,5.083689563356174,1
Dnajb9,209,0.15713971999864218,0.0486443951492926,1,5.083689563356174,0
Snrpa1,209,0.11568906532973977,0.1855688696310736,0,5.083689563356174,0
Ddx20,209,0.06065791165605239,0.2298040587211031,0,5.083689563356174,0
Sbno1,209,0.05395512264185287,0.0448244195760865,1,5.083689563356174,0
Rpl8,209,0.0364841732665917,0.2223033290613374,0,5.083689563356174,0
Rpsa,418,0.005903327450722529,0.1388618289693239,0,5.083689563356174,0
Copb2,209,-0.02063970598348186,0.0331673047008352,1,5.083689563356174,1
Pten,209,-0.03793145102799844,0.0459073749227346,1,5.083689563356174,0
Nars,209,-0.058540639102749537,0.2050487083903446,0,5.083689563356174,0
Srp72,209,-0.05873059073390141,0.4311655040985404,0,5.083689563356174,0
Sf3b6,209,-0.08117205747269474,0.2000187150368084,0,5.083689563356174,0
Eftud2,209,-0.12611195548187992,0.1081641968172212,0,5.083689563356174,0
B3galt6,209,-0.1621001222268137,0.1682778041993017,0,5.083689563356174,0
Rpl38,418,-0.18086242355446747,0.05987224421326,1,5.083689563356174,0
Cul5,209,-0.1980237812100224,0.2667422146542412,0,5.083689563356174,0
Hspe1,209,-0.22049826375637316,0.1281655132627616,0,5.083689563356174,0
Tbcb,209,-0.23284263036729236,0.1535456907350823,0,5.083689563356174,0
Polr2l,209,-0.27019282717891735,0.4695652804582985,0,5.083689563356174,0
Tuba1a,209,-0.2816365150167446,0.1905647783610797,0,5.083689563356174,0
Rpl27a,209,-0.3263300995769729,0.2770661384708096,0,5.083689563356174,1
Ssu72,209,-0.32870775951748565,0.1469822713752537,0,5.083689563356174,0
Acvr1,209,-0.3434540355762543,0.5857623623403772,0,5.083689563356174,0
Npc1,418,-0.3612533943453634,0.1665077883574042,0,5.083689563356174,0
Xbp1,209,-0.3683337762134805,0.2709463061605733,0,5.083689563356174,0
Snip1,209,-0.37387555255201,0.452291327724451,0,5.083689563356174,0
H2-T23,209,-0.3740621499486271,0.4498492080803388,0,5.083689563356174,0
Ran,209,-0.4219565100932805,0.5206932786812574,0,5.083689563356174,0
Polr1a,209,-0.427741819119107,0.5719225126490973,0,5.083689563356174,0
Sf3a2,209,-0.44276841987887294,0.2758629097760079,0,5.083689563356174,0
Kin,209,-0.4778111099385688,0.914151431966978,0,5.083689563356174,0
Hspa5,209,-0.5080577703467422,0.8476980297046991,0,5.083689563356174,0
Rars,209,-0.5217497012288961,0.8261790559234882,0,5.083689563356174,0
