target,ring,alpha_hat,r2,n_outcomes,spill_norm,auto_norm
Actb,0,0.216365308644469,0.018157317237223025,209,1.9273060960269777,1.2002975157388893
Acvr1,0,-0.5775162128812539,0.09453310217925082,209,0.8356363344664467,0.44488226113799384
Ahsg,0,-0.12943840970669943,0.0032457668752307045,209,1.9786860781964246,0.8709082237372509
Alb,0,-0.16390752648028672,0.01699266917767528,209,1.0189748891802453,0.8103924504311015
Arfrp1,0,-0.29602402359109337,0.03239328004493647,209,1.0195046802380934,0.6198544584431364
Atp6ap1,0,-0.252164114683321,0.021745589312148983,209,1.0423679121356104,0.6095696590454759
B2m,0,-0.6747865592909822,0.051268359044929435,209,1.8213921149750454,0.611169590390899
B3galt6,0,-0.08128783802928104,0.0014973637766740877,209,1.0278182273085756,0.48927655238497936
Bccip,0,0.07965498974132192,0.0009332995628421603,209,1.4759669230159465,0.5660752539524634
Ccdc84,0,0.3615141676801675,0.11181731602113809,209,0.43993570738520105,0.4069287954024808
Cct5,0,-1.022646210975092,0.2080612084177037,209,2.0148503372790274,0.8986962656021893
Cd36,0,-0.5756985367372659,0.1910363587936028,209,1.565291150357971,1.1883873498183597
Cdc37,0,-0.5175620402003331,0.0393671434492463,209,2.195237995557795,0.8415620563573406
Chmp4b,0,-0.3660359394791893,0.02768740201585007,209,1.9034371157113208,0.8652784902699958
Crnkl1,0,-0.8085730410445303,0.08658012088896638,209,1.4931649428579243,0.5433724580228239
Cul5,0,-0.3161815975630132,0.04389253856383879,209,0.9822551735508525,0.6508532609729628
Cyp2e1,0,-0.3454609073053718,0.08486018379877103,209,0.9846110004171316,0.8302669648189059
Cyp2f2,0,0.3542603497744818,0.02321285974676679,209,2.5146409935460112,1.0814781954955528
Ddost,0,-0.12260927019783123,0.007564414209380144,209,1.1720201578441374,0.8313797167033107
Ddx20,0,-0.2286529149208066,0.026435193349515163,209,0.5296602333923162,0.37662736424394044
Dgat1,0,-0.09255374616954073,0.004853516300757588,209,1.169416552395617,0.8802448264450669
Dhdds,0,-0.6971038946313995,0.14441386472955065,209,1.465246883557121,0.7987626378116104
Dhx8,0,-0.40411377783004004,0.024084118077013383,209,2.347162515407664,0.9013736895338349
Dnajb9,0,-0.24166309138130354,0.016160320097127423,209,1.3543864438365874,0.7124546919890355
Dnajc17,0,-0.6548162506344554,0.10395998838661769,209,1.3785678388537135,0.6787999549281656
Dnm2,0,-0.8767755077217395,0.1140006371199036,209,1.1006829175401256,0.42386490163931434
Dut,0,-0.16629816456460816,0.018232610633383883,209,0.4600642598500794,0.37355578736814
Eftud2,0,-0.11395205470264715,0.0034817337447304864,209,0.8859065346927959,0.45873673902145107
Eif2b4,0,-0.44078813022138486,0.05942438768673697,209,0.9880953354443163,0.546451114088327
Emc2,0,-0.29594287159023036,0.028953145183635454,209,2.0792671752135874,1.1955019478385416
Gapdh,0,-0.3361882591308407,0.021938775426930235,209,2.652278926961359,1.168538010293297
Golga7,0,0.01683415464460634,0.00016329007700033316,209,1.6660279059630374,1.2646514783399811
Gpn1,0,-0.3882605093816572,0.06686709698067117,209,0.7015458694809098,0.4672390006619154
Gsk3b,0,-0.2440142154926583,0.011391891666357234,209,1.4215881291652135,0.6218083987254839
H2-T23,0,-0.8127391973677006,0.06233438980328654,209,2.082786484332769,0.6398193957051128
Hnf4a,0,-0.4389565703611747,0.07438898482201628,209,1.3308138789338217,0.826894462231596
Hnrnpu,0,-0.7998074184535832,0.2214185104122547,209,0.9198274485097228,0.5411627555795901
Hsp90aa1,0,-0.1581903960100199,0.00970148939038118,209,1.489801308722334,0.9276143206575211
Hspa5,0,-0.6689796881838533,0.19399765151310167,209,1.2924668131588173,0.8509512977984482
Hspa8,0,-0.5092672037588659,0.13697004354478615,209,0.8794809185276572,0.6391363368795939
Hspe1,0,-0.7226902910655586,0.0835793208836818,209,2.044729130902066,0.81796172679055
Hyou1,0,-0.34890299497460625,0.03596766653598027,209,1.3087398716334147,0.7113851052282032
Insig2,0,-0.27290244763327925,0.017370977158808976,209,2.4330039760988957,1.1750260974988724
Jtb,0,-0.28270424756106205,0.0250251382370672,209,0.8085107881875488,0.452419929855982
Kin,0,-0.5045290130538534,0.0738898870243776,209,1.0541233534708756,0.5679338976894676
Lamtor2,0,-0.5421234695905017,0.1519266270685231,209,0.7817785727294081,0.5620856551152634
Lars,0,-0.41226599304432754,0.053831658949100025,209,0.8287237891010683,0.46639208918190417
Letm1,0,-0.23005915962334672,0.015163759401570664,209,1.8326372811460676,0.9809354518411452
Lgr4,0,-0.17942504390076722,0.03419094373581222,209,0.7286210703497802,0.7508863491242905
Lias,0,-0.10571381446516379,0.011004535702389462,209,0.9188190840852944,0.911767536667471
Mdm2,0,0.014823179938774321,4.8785075591806226e-05,209,1.9318685042195896,0.910289792273378
Met,0,-0.21220995950257138,0.031872248190839225,209,0.5467574093056239,0.459976097029579
Msto1,0,-0.8288819784460798,0.13360929091975315,209,1.354045684993767,0.5971163318169428
Mtbp,0,-0.3692706217947911,0.02439510760858732,209,1.1723276176415358,0.4958560398402971
NTC:control_gBC_00023,0,-0.055900957451019605,0.011959996072460233,209,1.0048311295646606,1.9658001013879784
NTC:control_gBC_00052,0,-0.162135658899354,0.0204280294638457,209,1.5088541225559984,1.3300928251419937
NTC:control_gBC_00060,0,0.28487235056028526,0.020313003276496988,209,2.1488986535508805,1.0751095112200668
NTC:control_gBC_00132,0,-0.3562904285141083,0.07533973721396636,209,2.2901709139723394,1.7643136318784953
NTC:control_gBC_00134,0,0.09891691204903882,0.005423802075685491,209,1.298670375926887,0.9668971945751019
NTC:control_gBC_00240,0,-1.1182299071795458,0.4652893430689803,209,2.5318832345205684,1.5444509582447605
NTC:control_gBC_00312,0,-0.8788353748654,0.1986935360261901,209,1.3846560260545213,0.70230577504599
NTC:control_gBC_00315,0,-0.478280790520819,0.4041785372822774,209,2.6358831748356657,3.503723640717657
NTC:control_gBC_00392,0,0.014844694472186126,0.00023531931443754317,209,1.1777689015053698,1.2170757421277314
Nars,0,-0.20545848211223833,0.0053427438808514305,209,1.7975194649587134,0.6394869767738328
Nfyc,0,-0.4069526739167686,0.05013027739377063,209,0.9306993596401356,0.5120537636404343
Npc1,0,-0.14820457252140623,0.008384883053901393,209,0.7529096030153016,0.4651893229804046
Nploc4,0,0.09477395999086165,0.0015461382589205819,209,1.3288381513491083,0.5513244138428259
Nubp1,0,0.0475443640596233,0.0013498987076671076,209,0.4989802266808373,0.38559809884811475
Orc2,0,0.24879667648294126,0.01397934474179341,209,1.2956247688744882,0.6157126478897189
Pck1,0,-0.0463868899239942,0.001448435606012377,209,1.3353483385365945,1.0955921477293755
Pcsk9,0,-0.26272194886644695,0.021500993631069387,209,1.3222593274608019,0.7379884205056935
Pikfyve,0,0.36248873853172225,0.028711727208896587,209,1.2315855778447973,0.5757046473164891
Pmpcb,0,-0.06171933406256589,0.0010407932982773316,209,0.7645549770527827,0.399640719212421
Polr1a,0,-0.46356384488420127,0.0378273074353388,209,1.167715911926449,0.48992585184291415
Polr2l,0,-0.5392664796715654,0.06139941480003741,209,0.9946740301196607,0.45704553367390854
Polr3a,0,-0.5655916652148235,0.09065995070304045,209,1.1544031467130262,0.614557099762817
Psma1,0,-0.6979000965672093,0.0976753078939715,209,1.3546047790666798,0.6066130367204338
Psmc1,0,-0.40480968555446084,0.034106343526139726,209,1.7085416346580942,0.7794571629777529
Pten,0,-0.3888781141659401,0.06419313775695001,209,1.0527309954043182,0.6858801122294822
Qars,0,0.4263188394022521,0.04115551382936844,209,1.1370130056902694,0.5410593688614936
Ran,0,-0.4702033369727814,0.07626801255938487,209,1.2692994577557952,0.7455033550678867
Rars,0,-0.7223217682482872,0.10276689988810472,209,1.014012952033418,0.45002788728322396
Rbp4,0,-1.0617935811073935,0.09637611761666676,209,4.332190259144029,1.2666369110048223
Reep5,0,-0.16113118599519194,0.01322791114234434,209,1.7049166371188522,1.2169400370251569
Rngtt,0,-0.16491131563012806,0.015096570050793012,209,1.2882974702994183,0.9598532525465692
Rpl18a,0,-0.5630269724990683,0.045892677886403055,209,1.697389547753634,0.6458386367567679
Rpl19,0,-0.8333170832635072,0.10845336328445743,209,1.2515431376311092,0.4946033465036561
Rpl27,0,-1.0797883140041982,0.14090566906929036,209,1.597811514319702,0.5554579112677608
Rpl27a,0,0.5355322494816164,0.02412071046632569,209,1.7704690036964266,0.5134495134625355
Rpl38,0,-0.8921794553373982,0.13022842489388542,209,0.855125683077763,0.3458841220069962
Rpsa,0,-0.18811635508676236,0.0062809919968600525,209,1.4820857848712423,0.6243971419925534
Rptor,0,0.0014002934738930753,7.41873461440612e-07,209,1.2156384849967248,0.7477394491533889
Rrbp1,0,-0.5506710153471547,0.08128043507277627,209,1.8424021195570615,0.9538612725108762
Rrn3,0,-0.047846087747002705,0.0011746885864715173,209,0.7807469591218693,0.5592747901533848
Rxra,0,-0.509548861121228,0.10232589172206685,209,1.57937789243576,0.9915006160397786
Sars,0,-0.5219424077674321,0.057520049307488774,209,1.4016196131581273,0.6440464729399693
Sbno1,0,0.10372333255672037,0.019381774486581738,209,0.5923453997789713,0.7950516188033507
Sec61a1,0,-0.6091251519226789,0.05184762090276085,209,0.9245102548047907,0.3455967236308901
Sec61b,0,-0.1683453854858203,0.009695307999688874,209,1.0781564403936428,0.63061075046243
Sec61g,0,-0.039510056950511276,0.00035069053470204725,209,1.8109009944275218,0.8583196864876967
Serpinc1,0,-0.03811442235097047,0.0008594536582609003,209,1.277722190157655,0.9827845655480483
Sf3a2,0,-0.2662689945583522,0.023126916863679736,209,0.9353963074698993,0.5342369501276487
Sf3b6,0,-0.2990424476190863,0.025122659635108957,209,1.0693567926073895,0.566790550374939
Slc35b1,0,-0.016737691078023476,7.799605131708631e-05,209,0.7861616523983113,0.4148132460514933
Slu7,0,-0.2742756422586784,0.02365732320488545,209,0.831445873355925,0.4662614855739781
Snip1,0,-0.3341957533413868,0.012684047254475916,209,1.975311816327715,0.6656771664779223
Snrpa1,0,0.17408786870146026,0.00855915076759095,209,1.2143544613496324,0.645345524444154
Snw1,0,-1.0469997367478452,0.1369448996633451,209,1.8437053907673258,0.6516552284567577
Spcs3,0,-0.12069504361666664,0.01045175878397675,209,1.334627961699208,1.130486739604151
Sqle,0,-0.6200455415329689,0.17947118911511817,209,1.736518106451621,1.1864599891185013
Srebf2,0,-0.049693582049570494,0.0006862537934890778,209,2.330141091538287,1.2283561221466215
Srp72,0,-0.3803045585238548,0.07122519421457274,209,0.739121924491575,0.5186822365495034
Ssu72,0,0.0039760908854029236,3.7415935078000118e-06,209,1.3262561418680683,0.6452074997133164
Taf1a,0,-0.26004540870572085,0.022408277822195122,209,1.1601693946827842,0.6678461925221452
Tap1,0,-0.3048246970695732,0.028971815506328547,209,0.9140396224915751,0.5103906700334903
Tapbp,0,-0.19022005335672923,0.02052234043371337,209,0.6771661337044562,0.5099790960086785
Tbcb,0,-0.14609042613388257,0.009807574630995575,209,0.4392912070250746,0.29779099806084114
Tuba1a,0,-0.45197147780721275,0.04524652244247618,209,1.6440532157807763,0.7737442682223693
Ubtf,0,-1.0184284111895165,0.11007419117905737,209,2.104263615795393,0.6855077847926551
Uqcrfs1,0,-0.5216376345347931,0.01917366854709135,209,1.721484213756073,0.4569689959485755
Vcp,0,-1.0667445680798966,0.1365946032407076,209,1.967760106928563,0.6817552360881882
Vhl,0,-0.4127699818465016,0.0471055956291605,209,2.1421989601304374,1.1263878252977286
Xbp1,0,-0.399949674539936,0.03253606086380523,209,1.5801036621223676,0.7126277300969127
Yipf5,0,-0.5803242201192236,0.10543100521530324,209,1.9805114866090168,1.1081303322943377
Zfp830,0,-0.07626748262312821,0.0005246595862401504,209,2.2896794688752533,0.6876605089668327
Actb,1,-0.26040394748573537,0.11550555533394069,209,0.9196763837839506,1.2002975157388893
Acvr1,1,-0.300741129121094,0.15762712083873176,209,0.3369942136202278,0.44488226113799384
Ahsg,1,-0.08704064102683298,0.010684644873106053,209,0.7333552852680257,0.8709082237372509
Alb,1,-0.2048147044162425,0.13987212429898532,209,0.4438037158954534,0.8103924504311015
Apoc1,1,-0.9661907140098398,0.1869111883686959,209,2.4767633099196473,1.1082539699556633
Apoc3,1,-0.5495108001574033,0.31510617901836324,209,1.1742118824620218,1.1994957074580075
Apoe,1,-0.22178816742621932,0.014817738704208994,209,2.1377259924187153,1.1732880068973544
Arfrp1,1,-0.45292395269144553,0.2383969205411457,209,0.5749958331782568,0.6198544584431364
Arnt,1,-0.3330642791255315,0.41280649792512303,209,1.0299728394222798,1.986876976981681
Asl,1,-0.5352210487252693,0.33994765379645275,209,0.9070324268092459,0.9880880637280458
Ass1,1,-0.31667691846227874,0.19767961297770698,209,1.5163277454706392,2.128911522327225
Atp2a2,1,-0.12291675221819683,0.01891674572274915,209,1.113458731382275,1.2459088241885787
Atp6ap1,1,-0.35659881414591854,0.17969938979754918,209,0.512778651068311,0.6095696590454759
B2m,1,-0.5098947158072885,0.14080385744458113,209,0.830491079610627,0.611169590390899
B3galt6,1,-0.34702377025393044,0.16205946933851068,209,0.4217707143354214,0.48927655238497936
B4galt7,1,-0.5787214683091452,0.3244650641697022,209,1.1147737616904996,1.0972386978076767
Bccip,1,-0.47299661384527847,0.19216743128608327,209,0.6107905501625154,0.5660752539524634
Bcl2l1,1,-0.6576690725059497,0.34980811750936625,209,1.883688569777101,1.694012555675577
Car3,1,-0.6742241110905787,0.18956569370189957,209,1.8153450047629764,1.1722892092233368
Ccdc84,1,-0.24550636583295293,0.33970889344276556,209,0.17140667170832122,0.4069287954024808
Cct5,1,-0.27029527049603147,0.2618911983853618,209,0.47466906864301966,0.8986962656021893
Cd36,1,-0.7303039821881394,0.45404223829318024,209,1.287993172692161,1.1883873498183597
Cdc37,1,-0.9204003774092148,0.18210973431842836,209,1.8150824342002974,0.8415620563573406
Cdkn1c,1,-0.1318732860016745,0.06874051638595757,209,0.6257729310087687,1.2441316548171644
Chmp4b,1,-0.5457132210753751,0.3424378027328445,209,0.8069182400180512,0.8652784902699958
Ckap4,1,-0.018823860493999495,0.00014329693234971241,209,2.7283819818671544,1.7350617026239297
Cltc,1,-0.30806031935224404,0.10205929423986781,209,0.6106628339409874,0.6332745105660599
Copb2,1,-0.479382318050544,0.13080159362892818,209,1.1129233882324838,0.8396335346164722
Cps1,1,-0.6590006502153921,0.2852619268892228,209,1.2922773735456017,1.0473499178225198
Cpt1a,1,-0.3079796175293504,0.0748773028551073,209,1.7502642198086142,1.555094321687192
Crnkl1,1,-0.4535054033919883,0.17114308956351032,209,0.5956626969813249,0.5433724580228239
Ctnnb1,1,-0.6988963247171915,0.6877784373225584,209,1.492205392948633,1.7706801821650735
Cul5,1,-0.374818451915264,0.09305268879203332,209,0.7997229960866443,0.6508532609729628
Cyp2e1,1,-0.3409384324991085,0.19974095701612804,209,0.6333738885654114,0.8302669648189059
Cyp2f2,1,-0.3832696289766395,0.24195584311970786,209,0.8426633716918469,1.0814781954955528
Ddost,1,-0.08367505256923959,0.023870863052917746,209,0.45025791714348656,0.8313797167033107
Ddx20,1,-0.17226487011917513,0.09155832111039763,209,0.21441723027348525,0.37662736424394044
Dgat1,1,-0.13679924793323778,0.04725615179779963,209,0.5539339897898629,0.8802448264450669
Dhdds,1,-0.3467211957351452,0.08565799491621195,209,0.9462680617907645,0.7987626378116104
Dhx8,1,-0.4800404244540442,0.2533694679069095,209,0.8596180944565714,0.9013736895338349
Dicer1,1,-0.48628051803770583,0.08325038287560382,209,1.6264449546614719,0.9650406752806057
Dnajb9,1,-0.22422499400085358,0.10237017975354501,209,0.49929192126967925,0.7124546919890355
Dnajc17,1,-0.21049884160686202,0.07103690518027572,209,0.53610455689841,0.6787999549281656
Dnm2,1,-0.31838864577661774,0.17015457533050848,209,0.32716226941647275,0.42386490163931434
Dut,1,-0.33569799740252093,0.3336167914689062,209,0.21711022080181785,0.37355578736814
Eftud2,1,-0.2505509905569817,0.07431135827715718,209,0.4216305271088713,0.45873673902145107
Eif2b4,1,-0.3752620776969016,0.16959433850598682,209,0.4979437886510493,0.546451114088327
Eif2s1,1,-0.735047323916083,0.4358082747454034,209,1.2015176599203354,1.0791022390310725
Emc2,1,-0.1292270124578928,0.01702627212770047,209,1.1839784754510112,1.1955019478385416
Ern1,1,-0.46874333518713934,0.16352932299953338,209,1.6248424562133106,1.4017609975040808
Fabp1,1,-0.3139934772842519,0.08270648148874116,209,1.052310658993215,0.9638137455565001
Fasn,1,-0.38273193273485545,0.2135511949451696,209,0.803868850701736,0.9706027217864515
Fau,1,-0.3950785271156701,0.11398553627980745,209,0.5890573667485822,0.503383573013037
Ftl1,1,-0.19411219388518297,0.09933329689885495,209,0.9023800129660935,1.465156696594228
Gapdh,1,-0.17664212987875766,0.02752164271700297,209,1.2442279702389578,1.168538010293297
Gja1,1,-0.33565160097509644,0.5365050242382152,209,0.766414276438557,1.6724831833962148
Glul,1,-0.40196077904899064,0.1481986481973474,209,1.3927478983535353,1.3338621639580437
Golga7,1,-0.41245208286522206,0.31685806792747906,209,0.9266419820704781,1.2646514783399811
Gpn1,1,-0.18414900803036074,0.12251272032366334,209,0.24582037594251868,0.4672390006619154
Gpr146,1,-0.5146664862884041,0.3177565784951851,209,1.145594673040323,1.2547360377124108
Gpx1,1,-0.4138869605978978,0.2821711328661589,209,0.9642168025951414,1.2375114955966406
Gsk3b,1,-0.1287626058684225,0.05536300247201664,209,0.3402800778692512,0.6218083987254839
H2-T23,1,-0.14511306981619115,0.028474347545355827,209,0.550220845712701,0.6398193957051128
Hnf1a,1,-0.4789962408284261,0.39543856279928025,209,0.9173018175331995,1.2042583283147426
Hnf4a,1,-0.5052702642345647,0.3969018912428629,209,0.6631812507952461,0.826894462231596
Hnrnpu,1,-0.04610379167675749,0.004947380441961524,209,0.35471282390766,0.5411627555795901
Hs2st1,1,-0.20326338834266908,0.10453706543709673,209,0.5155309796840248,0.8200319236709389
Hs6st1,1,-0.1714578454182898,0.13750561166946407,209,0.4389440695205706,0.9493186979826203
Hsp90aa1,1,-0.32702590267947845,0.27453538484775464,209,0.5789624981381214,0.9276143206575211
Hsp90ab1,1,-0.37684951268658134,0.10647718857755717,209,1.4987151668016663,1.2977153212263182
Hspa5,1,-0.4128960221340747,0.30206520301885653,209,0.6392857949858617,0.8509512977984482
Hspa8,1,-0.33152853576441016,0.14133973629248842,209,0.5636146671844956,0.6391363368795939
Hspd1,1,-0.3638300738858005,0.3735015697978965,209,0.7806925084687408,1.3113772132123562
Hspe1,1,-0.13542168828412932,0.030805065452417346,209,0.6311173782500018,0.81796172679055
Hyou1,1,-0.013166287905018649,0.00010382645395878853,209,0.9192086542471625,0.7113851052282032
Ier3ip1,1,-0.4512260125733455,0.2642793126545142,209,0.9704174702492432,1.1055949913707213
Igfbp1,1,-0.6843893319998628,0.3517128472582113,209,1.0806675022459302,0.9364465122435474
Insig1,1,-0.44587872797046113,0.2020113282763646,209,2.4263469890549807,2.445817328157745
Insig2,1,-0.22364302758393687,0.008537873376930794,209,2.843989709092027,1.1750260974988724
Insr,1,-0.6355236340848305,0.15863244664732024,209,2.185377369169355,1.3695905374563728
Jtb,1,-0.21050167912298942,0.08710091249213991,209,0.32269032178230905,0.452419929855982
Kin,1,-0.22165135411476364,0.1093244460150955,209,0.3807233708242666,0.5679338976894676
Lamtor2,1,-0.364321835912248,0.17258458518312847,209,0.4929316478151733,0.5620856551152634
Lars,1,-0.2821606990326246,0.24370391379626033,209,0.2665731758899506,0.46639208918190417
Ldlr,1,-0.14653265083889247,0.07800105625354314,209,0.8746171992677602,1.6669932798888896
Letm1,1,-0.5532999951668695,0.32454910603112996,209,0.9527103611875731,0.9809354518411452
Lgr4,1,-0.08576551354979832,0.05412525053993689,209,0.2768132929350835,0.7508863491242905
Lgr5,1,-0.23498429292099002,0.02041843475923577,209,1.776435562553567,1.080243964445694
Lias,1,-0.12226010459907179,0.08418690043097588,209,0.38419050566754387,0.911767536667471
Maob,1,-0.5272434357563761,0.5601444519523031,209,1.1887049613177139,1.6873800623809498
Mdm2,1,-0.21466113498752099,0.12414720675880164,209,0.554580529008841,0.910289792273378
Met,1,-0.22840721790314253,0.12504080681680763,209,0.29711132365448095,0.459976097029579
Msto1,1,-0.3395265238951333,0.09135631098146568,209,0.6707541677105691,0.5971163318169428
Mtbp,1,-0.17124282592040818,0.02615592397066302,209,0.5250285989046946,0.4958560398402971
Myl12b,1,-0.4536091728298344,0.20788210291447518,209,0.682528055110834,0.6860365118929442
NTC:control_gBC_00023,1,-0.18773884451887524,0.26532595942797954,209,0.71647925784472,1.9658001013879784
NTC:control_gBC_00035,1,-0.4264346555168731,0.287178187029944,209,0.9878635309731252,1.2414241391070746
NTC:control_gBC_00052,1,-0.2938023521928578,0.31102954512354564,209,0.700706904052529,1.3300928251419937
NTC:control_gBC_00060,1,-0.41036340171665786,0.22071883540513648,209,0.93907791542183,1.0751095112200668
NTC:control_gBC_00064,1,-0.4296272573522624,0.29755577152343604,209,0.7163272794059077,0.9095024066912838
NTC:control_gBC_00067,1,-0.2517203969977403,0.12467666250886467,209,0.9610570783534379,1.3481038771327036
NTC:control_gBC_00123,1,-0.032179927329972755,0.00047540936317636007,209,1.7605256370002915,1.1928646265829785
NTC:control_gBC_00132,1,-0.3878766063652699,0.18552549095942372,209,1.5887939672624218,1.7643136318784953
NTC:control_gBC_00134,1,-0.33067353835762026,0.26325201090177064,209,0.6231518576838017,0.9668971945751019
NTC:control_gBC_00135,1,-0.5314667359658192,0.3738755799648732,209,1.5229649041014994,1.752174508177605
NTC:control_gBC_00145,1,-0.36906769144115814,0.4659569015584686,209,0.7304648150971303,1.3510335932480724
NTC:control_gBC_00172,1,-0.9066264826099315,0.23157567042824834,209,2.021270718213113,1.0728587531572849
NTC:control_gBC_00180,1,-0.23536563211930225,0.17406315730105182,209,1.1140500447330017,1.9747634524083584
NTC:control_gBC_00185,1,-0.27602016325889306,0.07290954326510624,209,1.9954364584715159,1.9520425647457316
NTC:control_gBC_00205,1,-0.8297760993097035,0.7179050568745966,209,3.1486575740364664,3.2151261464404346
NTC:control_gBC_00217,1,-0.4328174954618021,0.34694528993781293,209,0.7114824456903643,0.9682552927319616
NTC:control_gBC_00240,1,-0.4815724630136051,0.27678355919033815,209,1.4137272298415,1.5444509582447605
NTC:control_gBC_00247,1,-0.24232387862277574,0.0942468731509658,209,0.8658633951803492,1.096949522802384
NTC:control_gBC_00279,1,-0.40103354416804693,0.5078759985022969,209,1.3677599617327059,2.4305694265109605
NTC:control_gBC_00284,1,-0.18402471490222733,0.16926104157584665,209,0.7988268193244226,1.785891162339559
NTC:control_gBC_00312,1,-0.1571763650838569,0.03460221375169925,209,0.593419124131998,0.70230577504599
NTC:control_gBC_00315,1,-0.47635492979826616,0.716713123214962,209,1.971459361822188,3.503723640717657
NTC:control_gBC_00317,1,-0.6463429765854005,0.3522833955733957,209,1.334976667818732,1.2259047512941246
NTC:control_gBC_00326,1,-0.3046367651951256,0.4209567227271296,209,0.641465729115469,1.3661861190581572
NTC:control_gBC_00345,1,-0.5203507701413611,0.3479628868586443,209,1.9549171873859648,2.21614731391695
NTC:control_gBC_00348,1,-0.32581693704789316,0.3374517449564792,209,0.8294480252417155,1.478840582387855
NTC:control_gBC_00354,1,-0.27043907713165444,0.18938186862328765,209,1.045954439022319,1.6831100796620586
NTC:control_gBC_00392,1,-0.31628968598205587,0.24219353754822093,209,0.7822063931005456,1.2170757421277314
NTC:control_gBC_00415,1,-0.46821859159570484,0.16449166048396258,209,1.1456260207015838,0.992352932258466
NTC:control_gBC_00418,1,-0.809295944777738,0.5232767153773484,209,2.5742554401458215,2.3009648269401928
NTC:control_gBC_00433,1,-0.45267615069252226,0.3149984753105378,209,1.080155012806248,1.3392223762482338
Nars,1,-0.5824312600797039,0.33218489297024933,209,0.6462289976087031,0.6394869767738328
Nf1,1,-0.6466298017327381,0.1633839158101108,209,2.430110834606269,1.5190603063590873
Nfyc,1,-0.2603255669457668,0.12282406875574814,209,0.3803563275098908,0.5120537636404343
Nifk,1,-0.45356513191242326,0.23384026979362194,209,0.8104542240455485,0.8640691133530147
Npc1,1,-0.22620108775339348,0.17590023598167082,209,0.25089454345725276,0.4651893229804046
Nploc4,1,-0.2051848320336652,0.04840741047743846,209,0.5141579460759054,0.5513244138428259
Nubp1,1,-0.343106201171471,0.35664652284605536,209,0.2215360736424843,0.38559809884811475
Orc2,1,-0.20482117964780305,0.05625295855588275,209,0.5317166424384334,0.6157126478897189
Pck1,1,-0.3644984199850949,0.23850435532647918,209,0.8177045305260554,1.0955921477293755
Pcsk9,1,-0.2793570733797581,0.15604740208375656,209,0.5218923709729838,0.7379884205056935
Pikfyve,1,-0.2393229783220607,0.039302342754947595,209,0.6949841735317748,0.5757046473164891
Plin2,1,-0.4399803786864703,0.2927237294745805,209,0.7332058434745552,0.9016159234721162
Pmpcb,1,-0.28420623140980905,0.09609686577213605,209,0.3663943062553244,0.399640719212421
Polr1a,1,-0.2765379427245592,0.15304886305165222,209,0.34631398533031965,0.48992585184291415
Polr2l,1,-0.24334896599727743,0.105664318085953,209,0.34215650193867514,0.45704553367390854
Polr3a,1,-0.48117358642448477,0.23126268663161864,209,0.6149095472988984,0.614557099762817
Prkar1a,1,-0.36949564932863044,0.14154923204492176,209,1.007149974952306,1.0255068742622526
Psma1,1,-0.48719635492870755,0.16168961310672725,209,0.7349786250446748,0.6066130367204338
Psmc1,1,-0.19296121192355914,0.025663423600946422,209,0.9388689454261299,0.7794571629777529
Psmc3,1,-0.7133264924789904,0.5533622175799455,209,1.381951692233336,1.4411502447677107
Psmc4,1,-0.7657970474423174,0.20796592811726533,209,1.473287538444922,0.8773440238748101
Psme1,1,-0.8691359701469056,0.25744603447289516,209,2.9032192892931623,1.6948654239402703
Pten,1,-0.19715502230534135,0.101299951808559,209,0.42486546939905173,0.6858801122294822
Qars,1,-0.0882918886936813,0.019156278259872983,209,0.34515181402157696,0.5410593688614936
Rabggta,1,-0.40227690898267116,0.09555356839244089,209,0.9708946938358295,0.7460543693773424
Ran,1,-0.22240570912472674,0.140471588538974,209,0.4423859105511712,0.7455033550678867
Rars,1,-0.3032435693821862,0.14605694583432838,209,0.3570836122057218,0.45002788728322396
Rb1,1,-0.395756953560166,0.09500760593014024,209,1.2900473681438316,1.0047460096926575
Rbm39,1,-0.9371959916691593,0.13982360475855915,209,2.8052981455800587,1.119280272564864
Rbp4,1,-0.24822278929729408,0.19388705626895975,209,0.7140348067705895,1.2666369110048223
Reep5,1,-0.2955623322695675,0.20101096663578943,209,0.8022475295464193,1.2169400370251569
Rheb,1,-0.2923113075374935,0.09458388405959328,209,0.9352797083012075,0.9840212305889741
Rngtt,1,-0.2831731205996763,0.13005236824397526,209,0.7536986461233628,0.9598532525465692
Rpl18a,1,-0.3496342113432808,0.1544617638300435,209,0.5745494975024121,0.6458386367567679
Rpl19,1,-0.3696080886305903,0.10527614774116478,209,0.5634216419683523,0.4946033465036561
Rpl27,1,-0.1448528476067374,0.02736523858382589,209,0.4863832098740409,0.5554579112677608
Rpl27a,1,-0.4806830973538833,0.22814679470473476,209,0.5167130281794692,0.5134495134625355
Rpl37a,1,-1.0570709014507798,0.20951777442524389,209,1.5155092914711472,0.6562433590095427
Rpl38,1,-0.30105537385481324,0.13591827983176719,209,0.2824477210782371,0.3458841220069962
Rpl8,1,-0.7335094615591865,0.13405108868771987,209,1.5399197532906757,0.7686480724681691
Rpsa,1,0.19737470650035976,0.0340352479720325,209,0.6680176605651464,0.6243971419925534
Rptor,1,-0.40811404038709465,0.18905235650327068,209,0.701844308228576,0.7477394491533889
Rrbp1,1,-0.498151985138873,0.29500342013971526,209,0.8748499196531393,0.9538612725108762
Rrn3,1,-0.27728510867027667,0.24873078320276654,209,0.31094746579043636,0.5592747901533848
Rxra,1,-0.1851370118352685,0.046163329968585964,209,0.854353639305593,0.9915006160397786
Sars,1,-0.17624669412289667,0.030214010916857714,209,0.6530312959256256,0.6440464729399693
Sbno1,1,-0.13943942324565226,0.0818288949766739,209,0.38754983891322115,0.7950516188033507
Sec23a,1,-0.39139668281271467,0.2726586507079962,209,0.7290833160850404,0.9726792701314751
Sec23b,1,-0.6347240720452791,0.3468727261155875,209,2.4878815474189917,2.3084996145631056
Sec61a1,1,-0.2508451697489958,0.15075282704979187,209,0.22327630001509804,0.3455967236308901
Sec61b,1,-0.2058674103597555,0.10504217135143812,209,0.40055958311971807,0.63061075046243
Sec61g,1,-0.2987512477033583,0.06419474723075713,209,1.0120665119596697,0.8583196864876967
Sel1l,1,-0.6241060254954549,0.21524353490092674,209,1.5886569549316605,1.180964412657288
Serpina1a,1,-0.5434227616500991,0.1688152553453458,209,1.4007424968179967,1.0590740445485387
Serpina1b,1,-0.27991564719440193,0.19925977305384468,209,0.7022161036993513,1.1198334201804265
Serpina1c,1,-0.31595239190250496,0.09101485446746926,209,1.5415051747443063,1.4719039776934002
Serpinc1,1,-0.2487843300603955,0.11586582900312514,209,0.7182963557972661,0.9827845655480483
Sf3a2,1,-0.311728297685492,0.15669652820692181,209,0.4207077023374008,0.5342369501276487
Sf3b6,1,-0.42435881279208887,0.14422745355079425,209,0.6333326225916508,0.566790550374939
Slc27a5,1,-0.23331037380394676,0.1293088318549256,209,1.1023029515200917,1.6989516320771496
Slc35b1,1,-0.10271509648454638,0.03751237688092579,209,0.21998830980420964,0.4148132460514933
Slc39a9,1,-0.3327052907833157,0.24695456132545435,209,0.5506864773607467,0.8225328107724428
Slu7,1,-0.43001326722788413,0.19641082141387967,209,0.45240635014124164,0.4662614855739781
Smg5,1,-0.8521505623442229,0.3571850816983242,209,1.0942164493132664,0.7674207895947054
Snip1,1,-0.37489663571999404,0.14073644740869962,209,0.6652301303111672,0.6656771664779223
Snrpa1,1,-0.4040364341538695,0.20530625887542397,209,0.5754554896407079,0.645345524444154
Snw1,1,-0.34301797951818636,0.20965670878950682,209,0.4881804536406467,0.6516552284567577
Spcs3,1,-0.1488345129885924,0.07980248931659939,209,0.5956085231569275,1.130486739604151
Sqle,1,-0.1941780207550843,0.06723151824777684,209,0.8885189767373443,1.1864599891185013
Srebf1,1,-0.1768283200709874,0.04286931805348615,209,0.7810162252242513,0.9144953946182335
Srebf2,1,-0.24915854708940868,0.0634158683906525,209,1.2153492924482838,1.2283561221466215
Srp72,1,-0.3555965052821427,0.24522312138242564,209,0.37245872387626294,0.5186822365495034
Srprb,1,-0.2780243071733636,0.1138107319935644,209,0.95934875802686,1.1640867842714924
Ssu72,1,-0.22674732079503346,0.11687941011439473,209,0.42792983428251286,0.6452074997133164
Taf1a,1,-0.0994184374469661,0.006912123587540009,209,0.7986153255233337,0.6678461925221452
Tap1,1,-0.3213392357383876,0.19489945541569453,209,0.37150201226697505,0.5103906700334903
Tapbp,1,-0.12121392071156857,0.06106026061049252,209,0.25016442304648245,0.5099790960086785
Tbcb,1,-0.29980252397977636,0.1646958128161885,209,0.21999133292791997,0.29779099806084114
Trappc5,1,-0.22742002041144066,0.16756731028657212,209,0.6836606029503702,1.230570525879298
Trp53,1,-0.606252529048814,0.47496413459246345,209,1.1258910240144577,1.2798916381745526
Tsc1,1,-0.4127210791455544,0.29883790272400446,209,0.7417335225705165,0.9824469231222647
Tuba1a,1,-0.49105944260767637,0.3508314325308498,209,0.6414787333577644,0.7737442682223693
Ube2f,1,-0.6001992170286062,0.2522532094347413,209,1.8492374028168734,1.54744632748827
Ubtf,1,-1.2290033665665394,0.14860793278611584,209,2.1854680770225903,0.6855077847926551
Uqcrfs1,1,-0.10958371806439746,0.022554004469816924,209,0.33344248650086716,0.4569689959485755
Vcp,1,-0.3180584560489006,0.08841196899913051,209,0.7292558089099691,0.6817552360881882
Vhl,1,-0.5188626676990689,0.25528484142180585,209,1.1567189703672833,1.1263878252977286
Xbp1,1,-0.4723185398209269,0.2211235022729341,209,0.7157811528093099,0.7126277300969127
Yipf5,1,-0.4114707239641711,0.30603470919859843,209,0.8242224524927565,1.1081303322943377
Zfp830,1,-0.39314167858363264,0.14151961483063158,209,0.7186457359044354,0.6876605089668327
Zw10,1,-0.17346764872187226,0.07503507094183604,209,0.4964792044646362,0.7839975747659576
Actb,2,-0.281448797294018,0.15155770869456187,209,0.8677593242843017,1.2002975157388893
Acvr1,2,-0.26606676184348843,0.1903815977967881,209,0.2712834062326553,0.44488226113799384
Ahsg,2,-0.1910568113246649,0.16891566652762968,209,0.4048554138004813,0.8709082237372509
Alb,2,-0.1948479941872433,0.12663717214871772,209,0.44372175692528065,0.8103924504311015
Apoa2,2,-0.2197488031053212,0.05596224190567578,209,1.203904458706677,1.296024038372632
Apoc1,2,0.00937546963779354,6.183914558677284e-05,209,1.3212974206238932,1.1082539699556633
Apoc3,2,-0.05055215593106583,0.007119630411975275,209,0.7186371351207126,1.1994957074580075
Arfrp1,2,-0.07833848862686218,0.014776183585544667,209,0.3994696404354354,0.6198544584431364
Arnt,2,-0.16347939476522935,0.09517771153119747,209,1.0528496798671285,1.986876976981681
Asl,2,-0.05594374612576129,0.004382545650699954,209,0.8349951887210312,0.9880880637280458
Ass1,2,-0.49292072193293746,0.3978132415028086,209,1.6637768262356722,2.128911522327225
Atp2a2,2,-0.1994778929293713,0.15551614580715634,209,0.630221611163528,1.2459088241885787
Atp6ap1,2,-0.023555644738668557,0.001990047678513851,209,0.3218745187879175,0.6095696590454759
B2m,2,-0.37590522089772777,0.12776806086976278,209,0.6427305498363646,0.611169590390899
B3galt6,2,-0.21502235137559303,0.09893178890484333,209,0.3344799420121527,0.48927655238497936
B4galt7,2,-0.20495220458874208,0.09158504903185472,209,0.743090003816075,1.0972386978076767
Bccip,2,-0.1296478180783316,0.025188502993435335,209,0.46242169749750195,0.5660752539524634
Bcl2l1,2,-0.61252960850064,0.30085765092958927,209,1.8917475547937304,1.694012555675577
Ccdc84,2,0.054813744170816865,0.027092657427744693,209,0.1355133521808514,0.4069287954024808
Cct5,2,-0.12747690135384485,0.10793614046387423,209,0.34870726292589904,0.8986962656021893
Cdc37,2,-0.14023094550550155,0.01446797929790311,209,0.9811289015020752,0.8415620563573406
Cdkn1c,2,-0.13890048881139339,0.11504174314905913,209,0.5094978871608625,1.2441316548171644
Chmp4b,2,-0.0736763131437403,0.026105616838302703,209,0.3945634144554842,0.8652784902699958
Cltc,2,-0.2815822048839409,0.1336149845442265,209,0.48783126457327264,0.6332745105660599
Copb2,2,-0.47550564823713487,0.12462390479770746,209,1.1309535768296157,0.8396335346164722
Cps1,2,-0.19787459169549915,0.11290260850342171,209,0.6167793808955543,1.0473499178225198
Crnkl1,2,-0.21845593122466683,0.027511475724224077,209,0.7156563329148856,0.5433724580228239
Ctnnb1,2,-0.542323171315232,0.41279365074385155,209,1.4946234186378808,1.7706801821650735
Cul5,2,-0.21661865944750658,0.06246358573971733,209,0.564112201327583,0.6508532609729628
Cyp2e1,2,-0.04290048561946777,0.009939885504415935,209,0.3572640158492111,0.8302669648189059
Cyp2f2,2,0.05861198908730812,0.012039579408083534,209,0.5776949485869611,1.0814781954955528
Ddost,2,-0.290289503906934,0.2576837040304618,209,0.4754307642126711,0.8313797167033107
Ddx20,2,-0.079096773320191,0.023944897614858185,209,0.19251481040703508,0.37662736424394044
Dgat1,2,-0.03600989102302948,0.010851236487973481,209,0.3042885943965552,0.8802448264450669
Dhdds,2,-0.11696995595951244,0.015650399263076986,209,0.7468430745801401,0.7987626378116104
Dhx8,2,-0.34425514863915413,0.09405010566399019,209,1.0118256332857767,0.9013736895338349
Dnajb9,2,-0.25827238485940596,0.26354667206750837,209,0.35843173581286375,0.7124546919890355
Dnajc17,2,-0.42823887945743017,0.3097186715668766,209,0.5223290794978108,0.6787999549281656
Dnm2,2,-0.09920016607706238,0.021830022145354344,209,0.2845854991607018,0.42386490163931434
Dut,2,-0.2951277472126887,0.16143098351694884,209,0.27439239195662174,0.37355578736814
Eftud2,2,-0.14977833958387793,0.030082595672600854,209,0.39614564099158356,0.45873673902145107
Eif2b4,2,0.10370013182586879,0.05790084208093549,209,0.23549852113834838,0.546451114088327
Eif2s1,2,-0.4767035049150916,0.08008569797211362,209,1.8177470823387696,1.0791022390310725
Emc2,2,-0.34194427300679353,0.21803631312533722,209,0.8754698771079497,1.1955019478385416
Fabp1,2,-0.2697279689318704,0.0703463503330809,209,0.9801630185849678,0.9638137455565001
Fasn,2,-0.3214067818891912,0.14284030592449648,209,0.8254127164823342,0.9706027217864515
Fau,2,-0.4054787082412929,0.04342922751161771,209,0.9794359508930239,0.503383573013037
Ftl1,2,-0.15401427125644185,0.03741254592167986,209,1.1666387788479684,1.465156696594228
Gapdh,2,-0.19808951698742025,0.04316379806082138,209,1.1141521706399005,1.168538010293297
Gja1,2,-0.0914622064604672,0.038012840087071176,209,0.7845818813488,1.6724831833962148
Glul,2,-0.5744394565649794,0.22428909083437598,209,1.617898010805456,1.3338621639580437
Golga7,2,-0.05367793015822869,0.007675660389548811,209,0.7748341283650593,1.2646514783399811
Gpn1,2,-0.17398032585694875,0.12540295190969641,209,0.2295542546077574,0.4672390006619154
Gpx1,2,-0.03705840584518262,0.009109486368938824,209,0.4804951738620478,1.2375114955966406
Gsk3b,2,-0.16711317966340472,0.11714390333152946,209,0.30360396626207636,0.6218083987254839
H2-T23,2,-0.3663754420405965,0.15573740536074232,209,0.5940011547668944,0.6398193957051128
Hnf1a,2,0.03262302847852339,0.0009449696342304081,209,1.278012222101273,1.2042583283147426
Hnf4a,2,-0.07388265594553663,0.020300799536001723,209,0.42878147235153347,0.826894462231596
Hnrnpu,2,-0.05124734486328966,0.011863707256982936,209,0.2546179739712303,0.5411627555795901
Hs2st1,2,-0.20706275815480424,0.0428393200852526,209,0.8203732100382495,0.8200319236709389
Hs6st1,2,-0.23314714045614585,0.17960573033323823,209,0.522254311190352,0.9493186979826203
Hsp90aa1,2,-0.23352915232980595,0.12972211529090294,209,0.6014527801936459,0.9276143206575211
Hsp90ab1,2,-0.2507760607088514,0.12908734550252665,209,0.9057819728701779,1.2977153212263182
Hspa5,2,0.03780490111399658,0.005035564813424376,209,0.4533448810879256,0.8509512977984482
Hspa8,2,-0.12223814275904075,0.05104246787902045,209,0.3458075093597131,0.6391363368795939
Hspd1,2,-0.1711781396241353,0.049543870737234985,209,1.0085117632333773,1.3113772132123562
Hspe1,2,-0.21109307402313093,0.16301389822922885,209,0.42765608009941297,0.81796172679055
Hyou1,2,-0.40488533759668666,0.21276273777700272,209,0.6244375806574364,0.7113851052282032
Ier3ip1,2,-0.12618616811965525,0.06700401840571912,209,0.5389610622748586,1.1055949913707213
Igfbp1,2,-0.5736485246797376,0.2600740441262047,209,1.0533685605100969,0.9364465122435474
Insig2,2,-0.16358872041371572,0.024795206855820595,209,1.220722641989234,1.1750260974988724
Jtb,2,-0.1681739436650754,0.08799240312741907,209,0.25649437609031295,0.452419929855982
Kin,2,-0.21401947059117468,0.0723811387726232,209,0.45179182721056366,0.5679338976894676
Lamtor2,2,-0.17635500083981054,0.07724887586363416,209,0.35665161676220164,0.5620856551152634
Lars,2,-0.09418746655837155,0.03236365414898856,209,0.2441830506202921,0.46639208918190417
Ldlr,2,-0.24021593447483325,0.0724159269811846,209,1.4880537353937633,1.6669932798888896
Letm1,2,-0.5054558542953905,0.29461939000773274,209,0.9134672860195601,0.9809354518411452
Lgr4,2,-0.0727432931969189,0.08394698550965607,209,0.18852311828851392,0.7508863491242905
Lgr5,2,-0.04294226721935759,0.0010423765208076308,209,1.436794008747953,1.080243964445694
Lias,2,-0.0075178825017717995,0.0001895394920465865,209,0.49788587177674215,0.911767536667471
Maob,2,-0.26206079384222075,0.30383969850684023,209,0.8022185633359387,1.6873800623809498
Mdm2,2,-0.11041773096835787,0.08224472593626952,209,0.3504809861798871,0.910289792273378
Met,2,-0.19599766073296335,0.07990964924691879,209,0.3189235132864876,0.459976097029579
Msto1,2,-0.23479309695249181,0.06939303187470869,209,0.5322140589226393,0.5971163318169428
Mtbp,2,-0.11072796620893856,0.01475178884619377,209,0.4520542816195318,0.4958560398402971
Myl12b,2,-0.32401742774453807,0.11045441746372675,209,0.6688427985213403,0.6860365118929442
NTC:control_gBC_00023,2,-0.030877191773732646,0.002463324333505934,209,1.2229715376931192,1.9658001013879784
NTC:control_gBC_00035,2,-0.2775341557132736,0.13658233809066123,209,0.9322649426521699,1.2414241391070746
NTC:control_gBC_00052,2,-0.38555221918293864,0.45388667634986957,209,0.7611871371218519,1.3300928251419937
NTC:control_gBC_00060,2,0.06309724359880019,0.00843189479893458,209,0.738755116554806,1.0751095112200668
NTC:control_gBC_00064,2,-0.3653889397359245,0.21209233603683264,209,0.7216003946088798,0.9095024066912838
NTC:control_gBC_00067,2,-0.019929867418887474,0.0022298175756729766,209,0.5689748895540213,1.3481038771327036
NTC:control_gBC_00123,2,-0.08475012301326856,0.011400629171941068,209,0.9468192684900242,1.1928646265829785
NTC:control_gBC_00132,2,-0.32509568880951134,0.2559826205574638,209,1.133657223284451,1.7643136318784953
NTC:control_gBC_00134,2,-0.30962718573587966,0.2922549532457991,209,0.5537815025277012,0.9668971945751019
NTC:control_gBC_00135,2,-0.23697759585665998,0.26818525424595907,209,0.8018021183015612,1.752174508177605
NTC:control_gBC_00145,2,-0.16619864258660416,0.12095555227971388,209,0.6456255604048705,1.3510335932480724
NTC:control_gBC_00172,2,0.11288207102050117,0.020024879735772272,209,0.8558202519185335,1.0728587531572849
NTC:control_gBC_00180,2,-0.4014667677145324,0.30607878019580337,209,1.43300620680614,1.9747634524083584
NTC:control_gBC_00185,2,-0.240886892112628,0.09746987175610655,209,1.5061466302017124,1.9520425647457316
NTC:control_gBC_00217,2,-0.030851770061183996,0.002682924108048823,209,0.5767210079647557,0.9682552927319616
NTC:control_gBC_00240,2,-0.033634991941186444,0.005372704654057481,209,0.708710662518733,1.5444509582447605
NTC:control_gBC_00247,2,-0.05538393666804155,0.014816356130895936,209,0.49911401093239205,1.096949522802384
NTC:control_gBC_00284,2,-0.12484690102007039,0.24222370338770283,209,0.45302736356320006,1.785891162339559
NTC:control_gBC_00312,2,-0.19838471582720069,0.12373519739492145,209,0.39608447640830624,0.70230577504599
NTC:control_gBC_00315,2,-0.4311393907961037,0.6047377571401975,209,1.942513316850667,3.503723640717657
NTC:control_gBC_00317,2,-0.38843176129448226,0.22784016791343364,209,0.9975997148574325,1.2259047512941246
NTC:control_gBC_00326,2,-0.21581370363839422,0.1941102689712091,209,0.6692134032662299,1.3661861190581572
NTC:control_gBC_00392,2,-0.14859006862793012,0.11025193800838629,209,0.5446459438285056,1.2170757421277314
NTC:control_gBC_00412,2,-0.2781425770590874,0.04647374242734892,209,1.956895471695431,1.5167149844689576
NTC:control_gBC_00415,2,-0.2847616681254156,0.09602782048246317,209,0.9119040608830175,0.992352932258466
NTC:control_gBC_00433,2,-0.32482324468491075,0.08657390704224543,209,1.4784487981435475,1.3392223762482338
Nars,2,-0.14039438420467096,0.02805374705627972,209,0.5360261809310846,0.6394869767738328
Nfyc,2,-0.11047395192615501,0.04687696674482744,209,0.26127370364623,0.5120537636404343
Nifk,2,0.00793677532477371,9.797917937404144e-05,209,0.6928283795279309,0.8640691133530147
Npc1,2,-0.20136900770719757,0.12035471930943864,209,0.27001681241530395,0.4651893229804046
Nploc4,2,-0.20451044968160656,0.061390449450222095,209,0.455063834084574,0.5513244138428259
Nubp1,2,-0.2683972180346658,0.2620962434906934,209,0.20215407293535956,0.38559809884811475
Orc2,2,-0.20201060828370396,0.06035635468450595,209,0.506279975331211,0.6157126478897189
Pck1,2,-0.22129568054010895,0.21029363636025167,209,0.5286993574253469,1.0955921477293755
Pcsk9,2,-0.14894103267528297,0.11560387322359034,209,0.3232791649901074,0.7379884205056935
Pikfyve,2,-0.24511911391128333,0.0650176261233747,209,0.5534282942739345,0.5757046473164891
Plin2,2,-0.15402180929614123,0.05507263277221519,209,0.5917467408218517,0.9016159234721162
Pmpcb,2,-0.08949495256523742,0.01332932081211935,209,0.3097877666359963,0.399640719212421
Polr1a,2,-0.23432926614143232,0.11027508794033225,209,0.3457149675067822,0.48992585184291415
Polr2l,2,-0.11944139737349752,0.023891627528593307,209,0.35317623885265753,0.45704553367390854
Polr3a,2,-0.14400654899007123,0.029687920425950032,209,0.5136349822020682,0.614557099762817
Prkar1a,2,-0.12660970689321185,0.02584294232510631,209,0.8076712057009752,1.0255068742622526
Psma1,2,0.1460750937003399,0.027746223379264023,209,0.531968569996683,0.6066130367204338
Psmc1,2,-0.10062636237801617,0.012513429797541109,209,0.7011579216078899,0.7794571629777529
Psmc3,2,-0.0640302993391544,0.0266833103684897,209,0.5649043748386922,1.4411502447677107
Psmc4,2,-0.22297766503702826,0.013318107668657486,209,1.6951573800440494,0.8773440238748101
Psme1,2,-0.4181585296444176,0.16667224724625607,209,1.7359792685644455,1.6948654239402703
Pten,2,-0.17499147963576947,0.1591352186460243,209,0.300872130272563,0.6858801122294822
Qars,2,-0.362625091610654,0.15042691932518792,209,0.5058712434570606,0.5410593688614936
Rabggta,2,-0.18443851270099249,0.035767124791351024,209,0.7275788644455555,0.7460543693773424
Ran,2,-0.12637536794089532,0.08331351518681374,209,0.32640312343469946,0.7455033550678867
Rars,2,-0.15794800292775613,0.0480555984095935,209,0.32425118447719786,0.45002788728322396
Rb1,2,-0.1180391307106469,0.003373284611630445,209,2.0420002928242305,1.0047460096926575
Rbp4,2,-0.3879265947373112,0.22842124347277182,209,1.0280954759776286,1.2666369110048223
Reep5,2,-0.2413649656288955,0.26740032511076184,209,0.5680184548215816,1.2169400370251569
Rheb,2,-0.1363961786140577,0.05389141323779889,209,0.5781584604199971,0.9840212305889741
Rngtt,2,-0.06994090878375522,0.023078448392351514,209,0.44190896117156625,0.9598532525465692
Rpl18a,2,-0.34958637663010456,0.19416880778424472,209,0.5123760137719767,0.6458386367567679
Rpl19,2,-0.6306877444629221,0.2090743557630852,209,0.6822146773908602,0.4946033465036561
Rpl27,2,-0.08087904062676111,0.012688154546975805,209,0.39883009123338586,0.5554579112677608
Rpl27a,2,-0.21167006855246545,0.050039635946035776,209,0.48584767235784,0.5134495134625355
Rpl37a,2,-0.26952611017188755,0.014458499325634255,209,1.4709711516695456,0.6562433590095427
Rpl38,2,-0.17394611105236954,0.05146156818474901,209,0.26521851643112515,0.3458841220069962
Rpl8,2,-0.21418446445822695,0.02522429312653096,209,1.036587594091871,0.7686480724681691
Rpsa,2,-0.03161063908626482,0.0007607530640656446,209,0.7156032885004311,0.6243971419925534
Rptor,2,-0.265863634602716,0.18435114655922136,209,0.46300567044362134,0.7477394491533889
Rrbp1,2,-0.07993206287123857,0.01934124666273762,209,0.5482315259694054,0.9538612725108762
Rrn3,2,-0.170990495595041,0.10432196838770291,209,0.29608017456459607,0.5592747901533848
Rxra,2,-0.2009487668708413,0.028204538068566376,209,1.186366400011493,0.9915006160397786
Sars,2,-0.3210883693925475,0.06421309471961001,209,0.8160748245519074,0.6440464729399693
Sbno1,2,-0.06087844910976165,0.04626670209537831,209,0.22502182071902532,0.7950516188033507
Sec23a,2,-0.17823158561205057,0.07741403321209173,209,0.6230809648710116,0.9726792701314751
Sec61a1,2,-0.1731372000641793,0.06832704745520923,209,0.22890942754474766,0.3455967236308901
Sec61b,2,-0.1758448645812719,0.04517590643263647,209,0.5217201640570045,0.63061075046243
Sec61g,2,-0.4346625586224308,0.19105521222199207,209,0.853536034115812,0.8583196864876967
Sel1l,2,-0.07862148936891095,0.00979825582019489,209,0.9380018399570532,1.180964412657288
Serpina1a,2,-0.3214648293546788,0.10863955347468679,209,1.0329178996393458,1.0590740445485387
Serpina1b,2,-0.287091761962791,0.1003696571046443,209,1.0147824197844615,1.1198334201804265
Serpinc1,2,-0.1510259102780084,0.06728112480682469,209,0.5722201774303496,0.9827845655480483
Sf3a2,2,-0.25497544500500546,0.13468885584054657,209,0.3711645149716123,0.5342369501276487
Sf3b6,2,-0.07465150437033397,0.007723911252681792,209,0.48144039582692144,0.566790550374939
Slc27a5,2,-0.3293766168405555,0.25639085910200443,209,1.1051532638672072,1.6989516320771496
Slc35b1,2,-0.13572923029848727,0.0667869232651147,209,0.21786139688234274,0.4148132460514933
Slc39a9,2,-0.09159472998500875,0.02636396521393003,209,0.46400039759497913,0.8225328107724428
Slu7,2,-0.061342806696655476,0.008030372413456055,209,0.3191724099360083,0.4662614855739781
Smg5,2,-0.437658477708401,0.18028214989189473,209,0.7910292474358054,0.7674207895947054
Snip1,2,0.08237989260709837,0.0060704080068217925,209,0.7038432351458062,0.6656771664779223
Snrpa1,2,-0.12091252743415076,0.06689473478555974,209,0.301694667282179,0.645345524444154
Snw1,2,-0.18529294373969818,0.059923861685721946,209,0.4932611017461742,0.6516552284567577
Spcs3,2,-0.14138199117688927,0.1774236585855692,209,0.37944933944720377,1.130486739604151
Sqle,2,-0.39011110121865206,0.28491547452728894,209,0.8671283540257954,1.1864599891185013
Srebf1,2,-0.20931068702415698,0.05470094406259196,209,0.8184186454754981,0.9144953946182335
Srebf2,2,0.2063691636303459,0.03670116525376199,209,1.323211212066767,1.2283561221466215
Srp72,2,-0.17650808071395743,0.043516542256514024,209,0.43887291329440803,0.5186822365495034
Srprb,2,-0.32099627809577175,0.16040346628563984,209,0.9329932056615382,1.1640867842714924
Ssu72,2,-0.23132214179549468,0.1278749562566459,209,0.4173725305886016,0.6452074997133164
Taf1a,2,-0.28552279587141455,0.04782631349637334,209,0.8719343534784113,0.6678461925221452
Tap1,2,-0.1766180089067377,0.0637728646004807,209,0.3569601608340097,0.5103906700334903
Tapbp,2,-0.15037300489515112,0.1538293653981463,209,0.1955251505056225,0.5099790960086785
Tbcb,2,-0.08493025879776524,0.03989676904674189,209,0.12662082807889025,0.29779099806084114
Trappc5,2,-0.2428348755475569,0.07601003270776718,209,1.0838822611576768,1.230570525879298
Trp53,2,-0.08314461914819685,0.00942381201030762,209,1.0962107155581151,1.2798916381745526
Tsc1,2,-0.41684187510418197,0.22507554217524262,209,0.8632096468718411,0.9824469231222647
Tuba1a,2,-0.08475111240444178,0.025350509408917032,209,0.4118598971885091,0.7737442682223693
Ube2f,2,-0.30825210920097446,0.10614368363279869,209,1.4641129226642355,1.54744632748827
Ubtf,2,-0.7152647089442247,0.11293320207710966,209,1.459043928002495,0.6855077847926551
Uqcrfs1,2,-0.22658071633344898,0.11554606208694818,209,0.30460154823011715,0.4569689959485755
Vcp,2,-0.3666950059270324,0.07800626336724448,209,0.8950941936778943,0.6817552360881882
Vhl,2,-0.5052281975113158,0.311613765619584,209,1.0194530079298512,1.1263878252977286
Xbp1,2,-0.08964580578201076,0.011166550467403447,209,0.6045513238263329,0.7126277300969127
Yipf5,2,-0.3308026147062194,0.12789609285781112,209,1.0250171639812151,1.1081303322943377
Zfp830,2,-0.021584431047546527,0.0007470386220846947,209,0.5430541813691756,0.6876605089668327
Zw10,2,-0.36852049577466334,0.2159348817994723,209,0.6217488123169798,0.7839975747659576
