target,r,embedding,kind
A1BG,0.13864289039704927,replogle_k562_gwps,autonomous
AARS,-0.07424013901941454,replogle_k562_gwps,autonomous
ACTB,-0.11517498516945106,replogle_k562_gwps,autonomous
APC,0.15690837509907415,replogle_k562_gwps,autonomous
APOC1,0.0789150522771558,replogle_k562_gwps,autonomous
APOE,0.08269546619905467,replogle_k562_gwps,autonomous
ARFRP1,0.1054288415297272,replogle_k562_gwps,autonomous
ARNT,0.1178758404125152,replogle_k562_gwps,autonomous
ASL,0.04925886312700965,replogle_k562_gwps,autonomous
ATP2A2,0.11535331862366754,replogle_k562_gwps,autonomous
ATP6AP1,-0.0038760232876429795,replogle_k562_gwps,autonomous
ATP6V0C,0.1684951739291433,replogle_k562_gwps,autonomous
B2M,0.16162138982284707,replogle_k562_gwps,autonomous
B3GALT6,0.12700935358024137,replogle_k562_gwps,autonomous
B4GALT7,-0.030270399674642318,replogle_k562_gwps,autonomous
BCCIP,0.20746788193395488,replogle_k562_gwps,autonomous
BCL2L1,0.14908714489394484,replogle_k562_gwps,autonomous
CCDC84,0.25709623746826504,replogle_k562_gwps,autonomous
CCT5,0.1754631059049057,replogle_k562_gwps,autonomous
CDC37,-0.04674214826555111,replogle_k562_gwps,autonomous
CDKN1C,0.15670242199075235,replogle_k562_gwps,autonomous
CHMP4B,0.07047863179087743,replogle_k562_gwps,autonomous
CLTC,0.01597593278628948,replogle_k562_gwps,autonomous
COPB2,0.08965509858033122,replogle_k562_gwps,autonomous
CPT1A,-0.03956226535137576,replogle_k562_gwps,autonomous
CRNKL1,0.20077796778545426,replogle_k562_gwps,autonomous
CTNNB1,0.14580516616662884,replogle_k562_gwps,autonomous
CUL5,0.09049159472632139,replogle_k562_gwps,autonomous
DDOST,0.1991118678511597,replogle_k562_gwps,autonomous
DDX20,0.29007660797822415,replogle_k562_gwps,autonomous
DGAT1,0.03712776651019564,replogle_k562_gwps,autonomous
DHDDS,-0.036175598836179365,replogle_k562_gwps,autonomous
DHX8,0.023854375829963435,replogle_k562_gwps,autonomous
DICER1,0.11791834317600128,replogle_k562_gwps,autonomous
DNAJB9,0.2233676394599498,replogle_k562_gwps,autonomous
DNAJC17,0.07398086212929801,replogle_k562_gwps,autonomous
DNM2,0.15564290617112359,replogle_k562_gwps,autonomous
DUT,0.19930603212077733,replogle_k562_gwps,autonomous
EFTUD2,0.07999827687989028,replogle_k562_gwps,autonomous
EIF2B4,-0.034201565805555,replogle_k562_gwps,autonomous
EIF2S1,-0.08719304206374173,replogle_k562_gwps,autonomous
EMC2,0.007439339707207319,replogle_k562_gwps,autonomous
EMC4,0.020205038487069497,replogle_k562_gwps,autonomous
ERN1,0.0458849126055291,replogle_k562_gwps,autonomous
FASN,0.06882740106894644,replogle_k562_gwps,autonomous
FAU,0.03655611059742983,replogle_k562_gwps,autonomous
GAPDH,0.18270138647509887,replogle_k562_gwps,autonomous
GLUL,0.0767910987128449,replogle_k562_gwps,autonomous
GOLGA7,0.18231810745151636,replogle_k562_gwps,autonomous
GPN1,0.22665457274707534,replogle_k562_gwps,autonomous
GSK3B,0.01919024884968628,replogle_k562_gwps,autonomous
HIF1A,0.032491778431061345,replogle_k562_gwps,autonomous
HNF1A,0.10361628148202857,replogle_k562_gwps,autonomous
HNF4A,0.09889245094507268,replogle_k562_gwps,autonomous
HNRNPU,0.1376170597360662,replogle_k562_gwps,autonomous
HS2ST1,0.14348491494018245,replogle_k562_gwps,autonomous
HS6ST1,0.00944086212740803,replogle_k562_gwps,autonomous
HSP90AA1,0.2242099137960788,replogle_k562_gwps,autonomous
HSP90AB1,0.05054224369255871,replogle_k562_gwps,autonomous
HSPA5,-0.11309628857140083,replogle_k562_gwps,autonomous
HSPA8,0.26452778355418977,replogle_k562_gwps,autonomous
HSPD1,0.04305608456692571,replogle_k562_gwps,autonomous
HSPE1,0.04947452902787577,replogle_k562_gwps,autonomous
HYOU1,0.12166933097329795,replogle_k562_gwps,autonomous
IER3IP1,0.052429252331142526,replogle_k562_gwps,autonomous
INSIG1,0.0739765685873099,replogle_k562_gwps,autonomous
INSIG2,0.1688420086609941,replogle_k562_gwps,autonomous
JTB,0.21587505924276407,replogle_k562_gwps,autonomous
KIN,0.2383563589591135,replogle_k562_gwps,autonomous
LAMTOR2,0.1944088060541724,replogle_k562_gwps,autonomous
LARS,0.28426226211808453,replogle_k562_gwps,autonomous
LDLR,0.029738801475920024,replogle_k562_gwps,autonomous
LETM1,0.1547233732242219,replogle_k562_gwps,autonomous
LGR4,0.013395455796833461,replogle_k562_gwps,autonomous
LIAS,-0.028026401524908557,replogle_k562_gwps,autonomous
MDM2,-0.01356362543585377,replogle_k562_gwps,autonomous
MSTO1,0.2649072422132452,replogle_k562_gwps,autonomous
MTBP,0.06192340569162495,replogle_k562_gwps,autonomous
MTOR,-0.01848050382397158,replogle_k562_gwps,autonomous
MYL12B,0.15287364614194246,replogle_k562_gwps,autonomous
NARS,0.06244617311022343,replogle_k562_gwps,autonomous
NF1,-0.06733343471138974,replogle_k562_gwps,autonomous
NFYC,0.1316409342679136,replogle_k562_gwps,autonomous
NIFK,0.0393374430290342,replogle_k562_gwps,autonomous
NPC1,0.2281751077532985,replogle_k562_gwps,autonomous
NPLOC4,-0.023137850212964835,replogle_k562_gwps,autonomous
NUBP1,0.1402304842286341,replogle_k562_gwps,autonomous
ORC2,0.03657466022957726,replogle_k562_gwps,autonomous
PCSK9,0.1641019317885635,replogle_k562_gwps,autonomous
PIKFYVE,0.11460717505135133,replogle_k562_gwps,autonomous
PLIN2,0.1146399289662398,replogle_k562_gwps,autonomous
PMPCB,0.16764581872692402,replogle_k562_gwps,autonomous
POLR1A,0.18496631155795606,replogle_k562_gwps,autonomous
POLR2L,0.25326467566555916,replogle_k562_gwps,autonomous
POLR3A,0.07562793887948495,replogle_k562_gwps,autonomous
PRKAR1A,0.0980425580412779,replogle_k562_gwps,autonomous
PSMA1,0.044778300938217774,replogle_k562_gwps,autonomous
PSMC1,0.07138938508248237,replogle_k562_gwps,autonomous
PSMC3,0.010188943448485125,replogle_k562_gwps,autonomous
PSMC4,-0.12901140949050072,replogle_k562_gwps,autonomous
PSME1,0.06814592337863053,replogle_k562_gwps,autonomous
PTEN,-0.13273437312494357,replogle_k562_gwps,autonomous
QARS,0.2016266905541926,replogle_k562_gwps,autonomous
RABGGTA,0.0038614620545627826,replogle_k562_gwps,autonomous
RAN,0.2152719131650322,replogle_k562_gwps,autonomous
RARS,0.12496753552704896,replogle_k562_gwps,autonomous
RB1,0.07387875374501549,replogle_k562_gwps,autonomous
RBM39,0.005686030862482085,replogle_k562_gwps,autonomous
REEP5,-0.013775044989892047,replogle_k562_gwps,autonomous
RHEB,0.10170485457409091,replogle_k562_gwps,autonomous
RNGTT,0.09136285330093998,replogle_k562_gwps,autonomous
RPL18A,0.1641623893553671,replogle_k562_gwps,autonomous
RPL19,0.05831979130581551,replogle_k562_gwps,autonomous
RPL27,0.24042261538836807,replogle_k562_gwps,autonomous
RPL27A,0.14690162984182323,replogle_k562_gwps,autonomous
RPL37A,0.05142206910541289,replogle_k562_gwps,autonomous
RPL38,0.012964101299010676,replogle_k562_gwps,autonomous
RPL8,0.009433143896343298,replogle_k562_gwps,autonomous
RPSA,0.09404790421099225,replogle_k562_gwps,autonomous
RPTOR,0.05288551545304663,replogle_k562_gwps,autonomous
RRBP1,0.13358059977543327,replogle_k562_gwps,autonomous
RRN3,0.19844946360394053,replogle_k562_gwps,autonomous
RXRA,0.1167272374996599,replogle_k562_gwps,autonomous
SARS,0.1712859610331439,replogle_k562_gwps,autonomous
SBNO1,0.04476314932963468,replogle_k562_gwps,autonomous
SCFD1,0.13667011097579468,replogle_k562_gwps,autonomous
SEC23A,0.06539545565993572,replogle_k562_gwps,autonomous
SEC23B,-0.08864931907517783,replogle_k562_gwps,autonomous
SEC61A1,0.17527358045213975,replogle_k562_gwps,autonomous
SEC61B,0.12285947662680469,replogle_k562_gwps,autonomous
SEC61G,0.041039189928421434,replogle_k562_gwps,autonomous
SEL1L,0.03552390615907787,replogle_k562_gwps,autonomous
SF3A2,0.09161896895407536,replogle_k562_gwps,autonomous
SLC27A5,-0.027252817047716656,replogle_k562_gwps,autonomous
SLC35B1,0.20720941080739694,replogle_k562_gwps,autonomous
SLC39A9,0.24156417825371562,replogle_k562_gwps,autonomous
SLU7,0.05490533816695479,replogle_k562_gwps,autonomous
SMG5,0.014906408799005495,replogle_k562_gwps,autonomous
SNIP1,0.005054989328381484,replogle_k562_gwps,autonomous
SNRPA1,0.20947149115283614,replogle_k562_gwps,autonomous
SNW1,0.1356211294773496,replogle_k562_gwps,autonomous
SPCS3,0.10200534469244528,replogle_k562_gwps,autonomous
SQLE,0.00025913213081371416,replogle_k562_gwps,autonomous
SREBF1,0.05565582645404671,replogle_k562_gwps,autonomous
SREBF2,0.09282443432865274,replogle_k562_gwps,autonomous
SRP72,0.05160715829996229,replogle_k562_gwps,autonomous
SRPRB,0.07342400727230747,replogle_k562_gwps,autonomous
SSU72,0.19023032873863926,replogle_k562_gwps,autonomous
TAF1A,0.1719493104163038,replogle_k562_gwps,autonomous
TAPBP,0.279930531532685,replogle_k562_gwps,autonomous
TBCB,0.16030785051591648,replogle_k562_gwps,autonomous
TRAPPC5,0.050710171710999334,replogle_k562_gwps,autonomous
TSC1,0.0031362199883099556,replogle_k562_gwps,autonomous
TSC2,0.0036947781523365844,replogle_k562_gwps,autonomous
TUBA1A,0.037471530962070204,replogle_k562_gwps,autonomous
UBE2F,-0.05812520602996915,replogle_k562_gwps,autonomous
UBTF,0.1367048632919394,replogle_k562_gwps,autonomous
UQCRFS1,0.12633255192132234,replogle_k562_gwps,autonomous
VCP,0.2831388165602647,replogle_k562_gwps,autonomous
VHL,0.13427478380697813,replogle_k562_gwps,autonomous
XBP1,0.13022158841566403,replogle_k562_gwps,autonomous
YIPF5,0.08145935837991707,replogle_k562_gwps,autonomous
ZW10,0.16262059969563464,replogle_k562_gwps,autonomous
ACTB,-0.02798343896770371,replogle_k562_gwps,spillover
APOC1,-0.011285805343932826,replogle_k562_gwps,spillover
APOE,-0.07638557859354819,replogle_k562_gwps,spillover
ARFRP1,-0.08887190883362486,replogle_k562_gwps,spillover
ARNT,-0.06613074545855305,replogle_k562_gwps,spillover
ASL,0.08057801967642675,replogle_k562_gwps,spillover
ATP2A2,-0.19765763598715033,replogle_k562_gwps,spillover
ATP6AP1,0.07650706066095066,replogle_k562_gwps,spillover
B2M,0.07936549332240468,replogle_k562_gwps,spillover
B3GALT6,0.024547561243547195,replogle_k562_gwps,spillover
B4GALT7,-0.059884076125662086,replogle_k562_gwps,spillover
BCCIP,0.07405481409003525,replogle_k562_gwps,spillover
BCL2L1,0.016019253425797856,replogle_k562_gwps,spillover
CCDC84,0.1176121678626703,replogle_k562_gwps,spillover
CCT5,0.0525682227826315,replogle_k562_gwps,spillover
CDC37,0.14176658062680048,replogle_k562_gwps,spillover
CDKN1C,0.015635504702415776,replogle_k562_gwps,spillover
CHMP4B,0.039484696678486184,replogle_k562_gwps,spillover
CLTC,-0.05272431541932994,replogle_k562_gwps,spillover
COPB2,-0.051965140005878825,replogle_k562_gwps,spillover
CPT1A,0.040024189622692885,replogle_k562_gwps,spillover
CRNKL1,-0.12478501446698961,replogle_k562_gwps,spillover
CTNNB1,0.04902276218590475,replogle_k562_gwps,spillover
CUL5,0.07806783094382307,replogle_k562_gwps,spillover
DDOST,0.060618462572135844,replogle_k562_gwps,spillover
DDX20,0.22785392317699557,replogle_k562_gwps,spillover
DGAT1,-0.04311873496835277,replogle_k562_gwps,spillover
DHDDS,0.01746268558997598,replogle_k562_gwps,spillover
DHX8,0.17669671508928464,replogle_k562_gwps,spillover
DICER1,0.017624569228125383,replogle_k562_gwps,spillover
DNAJB9,-0.020482916200768853,replogle_k562_gwps,spillover
DNAJC17,0.15682914135437817,replogle_k562_gwps,spillover
DNM2,0.041859704900753726,replogle_k562_gwps,spillover
DUT,-0.1560303799555479,replogle_k562_gwps,spillover
EFTUD2,0.14280226960667458,replogle_k562_gwps,spillover
EIF2B4,-0.05802697929934511,replogle_k562_gwps,spillover
EIF2S1,-0.05785877215883954,replogle_k562_gwps,spillover
EMC2,0.1360294769520379,replogle_k562_gwps,spillover
ERN1,0.08696337549011995,replogle_k562_gwps,spillover
FASN,0.13872546943571257,replogle_k562_gwps,spillover
FAU,0.05578554865320398,replogle_k562_gwps,spillover
GAPDH,-0.05606471605520113,replogle_k562_gwps,spillover
GLUL,0.07440971889360111,replogle_k562_gwps,spillover
GOLGA7,-0.10918529758217424,replogle_k562_gwps,spillover
GPN1,0.02723442838109945,replogle_k562_gwps,spillover
GSK3B,-0.01489228746477114,replogle_k562_gwps,spillover
HNF1A,-0.051834996106872866,replogle_k562_gwps,spillover
HNF4A,0.108047754389318,replogle_k562_gwps,spillover
HNRNPU,-0.02940645619527982,replogle_k562_gwps,spillover
HS2ST1,-0.16045383956270176,replogle_k562_gwps,spillover
HS6ST1,-0.03693793121074069,replogle_k562_gwps,spillover
HSP90AA1,0.040519924733842645,replogle_k562_gwps,spillover
HSP90AB1,0.013468953855452215,replogle_k562_gwps,spillover
HSPA5,0.008132923862540229,replogle_k562_gwps,spillover
HSPA8,-0.0391740517591315,replogle_k562_gwps,spillover
HSPD1,0.11017442583305162,replogle_k562_gwps,spillover
HSPE1,-0.06912108877479371,replogle_k562_gwps,spillover
HYOU1,-0.05559323084083764,replogle_k562_gwps,spillover
IER3IP1,0.0019363676812216774,replogle_k562_gwps,spillover
INSIG1,-0.0329784692270183,replogle_k562_gwps,spillover
INSIG2,-0.09063670063133417,replogle_k562_gwps,spillover
JTB,0.018672185896791482,replogle_k562_gwps,spillover
KIN,0.026597908893331607,replogle_k562_gwps,spillover
LAMTOR2,0.033842801330091335,replogle_k562_gwps,spillover
LARS,0.03353701309455528,replogle_k562_gwps,spillover
LDLR,-0.03392790669821257,replogle_k562_gwps,spillover
LETM1,0.051200948379635514,replogle_k562_gwps,spillover
LGR4,0.010033157769651012,replogle_k562_gwps,spillover
LIAS,0.040559453132943867,replogle_k562_gwps,spillover
MDM2,0.0857524712706688,replogle_k562_gwps,spillover
MSTO1,-0.16632971970475832,replogle_k562_gwps,spillover
MTBP,0.05882563151207728,replogle_k562_gwps,spillover
MYL12B,0.04250982945177034,replogle_k562_gwps,spillover
NARS,-0.05609329190676054,replogle_k562_gwps,spillover
NF1,0.02172226360701691,replogle_k562_gwps,spillover
NFYC,0.07794521849219282,replogle_k562_gwps,spillover
NIFK,-0.07055998421358836,replogle_k562_gwps,spillover
NPC1,-0.04642101853593815,replogle_k562_gwps,spillover
NPLOC4,-0.0053005404941624664,replogle_k562_gwps,spillover
NUBP1,0.13493260797059972,replogle_k562_gwps,spillover
ORC2,-0.027550860360284667,replogle_k562_gwps,spillover
PCSK9,-0.049078744428371665,replogle_k562_gwps,spillover
PIKFYVE,-0.005859065140655168,replogle_k562_gwps,spillover
PLIN2,0.01989760001320999,replogle_k562_gwps,spillover
PMPCB,0.002513949747725678,replogle_k562_gwps,spillover
POLR1A,0.06349940389796407,replogle_k562_gwps,spillover
POLR2L,0.07987972324059613,replogle_k562_gwps,spillover
POLR3A,0.06205325662531466,replogle_k562_gwps,spillover
PRKAR1A,0.018553064570346372,replogle_k562_gwps,spillover
PSMA1,-0.011331328710691722,replogle_k562_gwps,spillover
PSMC1,0.033244070943713074,replogle_k562_gwps,spillover
PSMC3,0.06139671900952822,replogle_k562_gwps,spillover
PSMC4,-0.006670007681930992,replogle_k562_gwps,spillover
PSME1,0.014287537252427443,replogle_k562_gwps,spillover
PTEN,0.021491771939888906,replogle_k562_gwps,spillover
QARS,-0.011225042794901685,replogle_k562_gwps,spillover
RABGGTA,-0.01725651041903316,replogle_k562_gwps,spillover
RAN,0.04493666684795606,replogle_k562_gwps,spillover
RARS,0.062304769366002266,replogle_k562_gwps,spillover
RB1,-0.03449968968505862,replogle_k562_gwps,spillover
RBM39,-0.05365112748307171,replogle_k562_gwps,spillover
REEP5,0.10231779544655882,replogle_k562_gwps,spillover
RHEB,0.04450502604100439,replogle_k562_gwps,spillover
RNGTT,-0.004223689867050608,replogle_k562_gwps,spillover
RPL18A,-0.046294088436896294,replogle_k562_gwps,spillover
RPL19,-0.03274450414244948,replogle_k562_gwps,spillover
RPL27,0.03025957606004187,replogle_k562_gwps,spillover
RPL27A,0.05207525247519486,replogle_k562_gwps,spillover
RPL37A,0.09741075688026188,replogle_k562_gwps,spillover
RPL38,0.01928483773463478,replogle_k562_gwps,spillover
RPL8,-0.049181510431752,replogle_k562_gwps,spillover
RPSA,-0.007240971935953906,replogle_k562_gwps,spillover
RPTOR,0.01001024282676042,replogle_k562_gwps,spillover
RRBP1,0.10650247473380954,replogle_k562_gwps,spillover
RRN3,0.03492508996740831,replogle_k562_gwps,spillover
RXRA,0.02955426066820562,replogle_k562_gwps,spillover
SARS,-0.024057995566573568,replogle_k562_gwps,spillover
SBNO1,0.052070824289221614,replogle_k562_gwps,spillover
SEC23A,0.04567288625988418,replogle_k562_gwps,spillover
SEC23B,-0.042986983183451864,replogle_k562_gwps,spillover
SEC61A1,0.030664400735022457,replogle_k562_gwps,spillover
SEC61B,0.053340207185921515,replogle_k562_gwps,spillover
SEC61G,-0.14092967038028734,replogle_k562_gwps,spillover
SEL1L,-0.19883840306945635,replogle_k562_gwps,spillover
SF3A2,0.26872016350908917,replogle_k562_gwps,spillover
SLC27A5,0.007183281577124306,replogle_k562_gwps,spillover
SLC35B1,-0.01021192007186578,replogle_k562_gwps,spillover
SLC39A9,0.06515572121383578,replogle_k562_gwps,spillover
SLU7,-0.01715151446275679,replogle_k562_gwps,spillover
SMG5,0.02663445610490762,replogle_k562_gwps,spillover
SNIP1,0.10473041601800827,replogle_k562_gwps,spillover
SNRPA1,0.15105107905400228,replogle_k562_gwps,spillover
SNW1,0.06780225418519883,replogle_k562_gwps,spillover
SPCS3,-0.036113402725292586,replogle_k562_gwps,spillover
SQLE,0.046475042582320686,replogle_k562_gwps,spillover
SREBF1,-0.032996764734979644,replogle_k562_gwps,spillover
SREBF2,0.04515778602958882,replogle_k562_gwps,spillover
SRP72,-0.042276970509932184,replogle_k562_gwps,spillover
SRPRB,-0.08047636303973965,replogle_k562_gwps,spillover
SSU72,0.0297880559191749,replogle_k562_gwps,spillover
TAF1A,0.02870242586449512,replogle_k562_gwps,spillover
TAPBP,0.0768961118797805,replogle_k562_gwps,spillover
TBCB,-0.16818409798402958,replogle_k562_gwps,spillover
TRAPPC5,-0.08426384352777136,replogle_k562_gwps,spillover
TSC1,-0.036368824527488144,replogle_k562_gwps,spillover
TUBA1A,0.03525690528161065,replogle_k562_gwps,spillover
UBE2F,0.04425479088283806,replogle_k562_gwps,spillover
UBTF,0.02684675960717936,replogle_k562_gwps,spillover
UQCRFS1,-0.07594645622607038,replogle_k562_gwps,spillover
VCP,0.036819545305024494,replogle_k562_gwps,spillover
VHL,0.15356574760977684,replogle_k562_gwps,spillover
XBP1,0.04413202929052788,replogle_k562_gwps,spillover
YIPF5,0.013446192099328791,replogle_k562_gwps,spillover
ZW10,0.20694194846924366,replogle_k562_gwps,spillover
A1BG,0.05748374151083638,go,autonomous
ACTB,0.041889351113941285,go,autonomous
ACVR1,0.11779432886664223,go,autonomous
AHSG,0.07273060848594332,go,autonomous
ALB,0.1104423096344181,go,autonomous
APC,0.13576445044301816,go,autonomous
APOA1,-0.024691513196795963,go,autonomous
APOA2,-0.013074932538614515,go,autonomous
APOC1,0.04769719320003101,go,autonomous
APOC3,0.13544236455122566,go,autonomous
APOE,0.00447091227723963,go,autonomous
ARFRP1,0.12577418931758685,go,autonomous
ARNT,0.1932978913592998,go,autonomous
ASL,0.031157237094578183,go,autonomous
ASS1,0.0719385570511858,go,autonomous
ATP2A2,0.04611863293105982,go,autonomous
ATP6AP1,0.03889764036108836,go,autonomous
ATP6V0C,0.05014522700514161,go,autonomous
B2M,0.0994577603704904,go,autonomous
B3GALT6,0.038820780342188804,go,autonomous
B4GALT7,0.06988776257406362,go,autonomous
BCCIP,0.1832712017601423,go,autonomous
BCL2L1,0.15266443028926954,go,autonomous
CAR3,0.18295122732747793,go,autonomous
CCT5,0.20335050807034502,go,autonomous
CD36,0.06507229035498703,go,autonomous
CDC37,-0.07022338817611674,go,autonomous
CDKN1C,0.019191657550673608,go,autonomous
CHMP4B,0.07937239708166086,go,autonomous
CKAP4,-0.1668295055372947,go,autonomous
CLTC,0.023535458641879514,go,autonomous
COPB2,0.08455150482556412,go,autonomous
CPS1,0.12336300370157746,go,autonomous
CPT1A,0.03133749398833809,go,autonomous
CRNKL1,0.2046804195406626,go,autonomous
CTNNB1,0.05946297796104335,go,autonomous
CUL5,0.011782381989145899,go,autonomous
CYP2E1,0.05468741346240091,go,autonomous
CYP2F2,-0.0795569168946076,go,autonomous
CYP3A11,-0.004259059131457226,go,autonomous
DDOST,0.08403677771494865,go,autonomous
DDX20,0.3052191385316706,go,autonomous
DGAT1,-0.021834971425749587,go,autonomous
DHDDS,-0.014089476770651227,go,autonomous
DHX8,-0.0832364874470724,go,autonomous
DICER1,-0.027659213196704873,go,autonomous
DNAJB9,0.24644364091479043,go,autonomous
DNAJC17,0.0952666920026734,go,autonomous
DNM2,0.13987866164459364,go,autonomous
DUT,0.1888385595749169,go,autonomous
EFTUD2,0.02050575681559697,go,autonomous
EIF2B4,0.04251418845406269,go,autonomous
EIF2S1,0.03830312783224773,go,autonomous
EMC2,0.05652354792119017,go,autonomous
EMC4,0.004743627794495692,go,autonomous
ERN1,-0.059704488531511266,go,autonomous
FABP1,0.07162454504081507,go,autonomous
FASN,0.14126890493815256,go,autonomous
FAU,0.18302013444353124,go,autonomous
FTL1,-0.025463392252012895,go,autonomous
GAPDH,0.05404345031931774,go,autonomous
GJA1,0.12684662182495582,go,autonomous
GJB1,0.21400437452045037,go,autonomous
GLUL,0.029117211402262734,go,autonomous
GOLGA7,0.09020410349689562,go,autonomous
GPN1,0.1312912425041007,go,autonomous
GPR146,0.03770546691327548,go,autonomous
GPX1,0.10311579833727497,go,autonomous
GSK3B,0.09332276491226413,go,autonomous
H2-T23,0.15915379265293086,go,autonomous
HIF1A,-0.054977447323561114,go,autonomous
HNF1A,0.17255808340157577,go,autonomous
HNF4A,0.1018272095688663,go,autonomous
HNRNPU,0.1935526472485368,go,autonomous
HS2ST1,0.07237299471046517,go,autonomous
HS6ST1,0.05817772705016477,go,autonomous
HSP90AA1,0.1336602737895295,go,autonomous
HSP90AB1,0.11388881120290811,go,autonomous
HSPA5,0.06316464796176538,go,autonomous
HSPA8,0.2062551637334425,go,autonomous
HSPD1,0.14486163996144644,go,autonomous
HSPE1,0.16037104287573115,go,autonomous
HYOU1,0.09919410610376336,go,autonomous
IER3IP1,0.12141432554399348,go,autonomous
IGFBP1,0.013397511630036947,go,autonomous
INSIG1,0.07575219854130057,go,autonomous
INSIG2,0.08702213745182481,go,autonomous
INSR,0.1031948239387781,go,autonomous
JTB,0.10746949029628941,go,autonomous
KIN,0.2106822519609643,go,autonomous
LAMTOR2,0.12311159465571316,go,autonomous
LDLR,0.14370071277748087,go,autonomous
LETM1,0.1076762830935705,go,autonomous
LGR4,0.0034432901455306265,go,autonomous
LGR5,0.08107792821795282,go,autonomous
LIAS,0.14596619907922484,go,autonomous
MAOB,-0.0896227154160836,go,autonomous
MDM2,-0.07515008020885433,go,autonomous
MET,-0.009868165151009613,go,autonomous
MSTO1,0.0771289212031455,go,autonomous
MTBP,0.034606186742103355,go,autonomous
MTOR,0.008848306961504734,go,autonomous
MYL12B,0.18032839460241276,go,autonomous
NF1,0.03555941477267368,go,autonomous
NFYC,0.26235938755469657,go,autonomous
NIFK,-0.09696432990209705,go,autonomous
NPC1,0.2662705562206453,go,autonomous
NPLOC4,-0.03698581691215567,go,autonomous
NUBP1,0.2163378469362943,go,autonomous
ORC2,0.13338092469819998,go,autonomous
PCK1,0.16069213549528977,go,autonomous
PCSK9,0.07007285081833646,go,autonomous
PIKFYVE,0.03796431867989229,go,autonomous
PLIN2,0.14357943791926295,go,autonomous
PMPCB,0.07265633072331824,go,autonomous
POLR1A,0.2721114389259551,go,autonomous
POLR2L,0.2107918349235028,go,autonomous
POLR3A,0.10326038779861806,go,autonomous
PRKAR1A,0.1349532393684383,go,autonomous
PSMA1,0.10581155093230295,go,autonomous
PSMC1,0.05447683081650372,go,autonomous
PSMC3,-0.0355258335128828,go,autonomous
PSMC4,-0.050459613245085716,go,autonomous
PSME1,0.039629929984407695,go,autonomous
PTEN,-0.07688309001408344,go,autonomous
RABGGTA,0.16318386269005714,go,autonomous
RAN,0.16528836054968588,go,autonomous
RB1,0.16274043051503784,go,autonomous
RBM39,-0.01642979325267952,go,autonomous
RBP4,0.18804268446459366,go,autonomous
REEP5,0.039891458343085426,go,autonomous
RHEB,0.016354217898910586,go,autonomous
RNGTT,0.2139889351462382,go,autonomous
RPL18A,0.13670017874056065,go,autonomous
RPL19,0.07919600029626993,go,autonomous
RPL27,0.14850098846955676,go,autonomous
RPL27A,0.153858042697872,go,autonomous
RPL37A,0.09836812731901852,go,autonomous
RPL38,0.0630406212238085,go,autonomous
RPL8,-0.010154164129951458,go,autonomous
RPSA,0.12399007268045686,go,autonomous
RPTOR,0.1452112511528725,go,autonomous
RRBP1,0.06348013833005584,go,autonomous
RRN3,0.09329940254493917,go,autonomous
RXRA,0.139348896803665,go,autonomous
SBNO1,-0.0027992241188206832,go,autonomous
SCD1,0.004593063500244631,go,autonomous
SCFD1,0.11833190542965796,go,autonomous
SEC23A,0.07136672243851977,go,autonomous
SEC23B,0.017897105244879394,go,autonomous
SEC61A1,0.18279761820934692,go,autonomous
SEC61B,0.07826037588959263,go,autonomous
SEC61G,0.03214161860940915,go,autonomous
SEL1L,0.01947426972235338,go,autonomous
SERPINA1A,0.017696659349159014,go,autonomous
SERPINA1B,0.05516541633358925,go,autonomous
SERPINA1C,-0.024429443667389163,go,autonomous
SERPINC1,0.07157213812153475,go,autonomous
SF3A2,0.10362048570747985,go,autonomous
SF3B6,0.21507443702785475,go,autonomous
SLC27A5,-0.0026089158474720342,go,autonomous
SLC35B1,0.15107966945674198,go,autonomous
SLC39A9,0.28815263247416145,go,autonomous
SLU7,0.07504212993495547,go,autonomous
SMG5,0.0167334364716424,go,autonomous
SNIP1,0.15285126253289172,go,autonomous
SNRPA1,0.13808347614523628,go,autonomous
SNW1,-0.006300815274332151,go,autonomous
SPCS3,0.02362162819815317,go,autonomous
SQLE,0.03749886857636836,go,autonomous
SREBF1,0.012074091843029478,go,autonomous
SREBF2,-0.01213685452404568,go,autonomous
SRP72,-0.0020543776613876244,go,autonomous
SRPRB,0.1017095210939886,go,autonomous
SSU72,0.19115020843737318,go,autonomous
TAF1A,0.1738248304841118,go,autonomous
TAP1,0.21112152090089745,go,autonomous
TAPBP,0.18404325159330912,go,autonomous
TBCB,0.13233957347117328,go,autonomous
TRAPPC5,0.16678439320383173,go,autonomous
TRP53,0.015930205434026977,go,autonomous
TSC1,0.11587107073874754,go,autonomous
TSC2,0.19369900966450657,go,autonomous
TUBA1A,0.08397646148787544,go,autonomous
UBE2F,-0.043738333048297474,go,autonomous
UBTF,0.11959913663328178,go,autonomous
UQCRFS1,0.14866188565320926,go,autonomous
VCP,0.23211443053347755,go,autonomous
VHL,-0.04493078172039003,go,autonomous
XBP1,0.03608112357549503,go,autonomous
YIPF5,0.11324971154993792,go,autonomous
ZFP830,0.10809652238790375,go,autonomous
ZW10,0.06237612878116774,go,autonomous
ACTB,-0.05097371847435339,go,spillover
ACVR1,-0.0812941613621667,go,spillover
AHSG,-0.03324909290505232,go,spillover
ALB,0.08015881550023214,go,spillover
APOA2,0.06801798409441544,go,spillover
APOC1,-0.0007185287198746165,go,spillover
APOC3,-0.03802656558172484,go,spillover
APOE,-0.04324821255878473,go,spillover
ARFRP1,0.04707370688177132,go,spillover
ARNT,0.09764869686997751,go,spillover
ASL,0.03918388900382448,go,spillover
ASS1,-0.09657003185406496,go,spillover
ATP2A2,-0.04676202008428596,go,spillover
ATP6AP1,-0.030360194687041597,go,spillover
B2M,-0.03359602884283241,go,spillover
B3GALT6,0.05441990938068416,go,spillover
B4GALT7,0.07280657784766693,go,spillover
BCCIP,-0.057512614444779966,go,spillover
BCL2L1,-0.05965584321426165,go,spillover
CAR3,0.04530388741213611,go,spillover
CCT5,0.13399298993555891,go,spillover
CD36,0.04194011137398468,go,spillover
CDC37,0.0819986658087557,go,spillover
CDKN1C,0.05623754319419929,go,spillover
CHMP4B,0.08063167807884122,go,spillover
CKAP4,-0.05195911766882445,go,spillover
CLTC,0.049247850012964736,go,spillover
COPB2,0.005196424329370447,go,spillover
CPS1,-0.04568879598611841,go,spillover
CPT1A,-0.019347198214648767,go,spillover
CRNKL1,0.10959449106945066,go,spillover
CTNNB1,0.03265291962961958,go,spillover
CUL5,-0.04616017052727663,go,spillover
CYP2E1,0.07980558003497758,go,spillover
CYP2F2,0.1677862044486996,go,spillover
DDOST,0.05873245197913014,go,spillover
DDX20,0.11593852680303986,go,spillover
DGAT1,0.014618668269771177,go,spillover
DHDDS,-0.1282634650603234,go,spillover
DHX8,0.0438943695548762,go,spillover
DICER1,0.07397732416741117,go,spillover
DNAJB9,0.09816187268468612,go,spillover
DNAJC17,0.23216622089308903,go,spillover
DNM2,0.09688819564446995,go,spillover
DUT,0.04909563867882269,go,spillover
EFTUD2,0.009877006206197962,go,spillover
EIF2B4,0.02282427821068716,go,spillover
EIF2S1,-0.04585811268291671,go,spillover
EMC2,0.005550407470113578,go,spillover
ERN1,0.00476218413995859,go,spillover
FABP1,0.03216340294586209,go,spillover
FASN,0.047110086326965096,go,spillover
FAU,0.0022735201260274773,go,spillover
FTL1,0.03450870346621809,go,spillover
GAPDH,0.04250820334036067,go,spillover
GJA1,0.09669636964618356,go,spillover
GLUL,0.08194451835777153,go,spillover
GOLGA7,-0.13772141847330016,go,spillover
GPN1,0.0336098552116727,go,spillover
GPR146,0.11130871019580851,go,spillover
GPX1,-0.014324311045554438,go,spillover
GSK3B,-0.02842267386019824,go,spillover
H2-T23,0.04622030456634689,go,spillover
HNF1A,-0.019984001976980338,go,spillover
HNF4A,-0.018822111029984698,go,spillover
HNRNPU,-0.0628986964036543,go,spillover
HS2ST1,0.08188336556206302,go,spillover
HS6ST1,0.04014864842638534,go,spillover
HSP90AA1,-0.036225002145157524,go,spillover
HSP90AB1,0.02533054521998793,go,spillover
HSPA5,-0.12059531701454046,go,spillover
HSPA8,-0.01942591020627769,go,spillover
HSPD1,-0.0007850916656195445,go,spillover
HSPE1,0.07680757924853025,go,spillover
HYOU1,-0.047314152266106684,go,spillover
IER3IP1,-0.03835622711951958,go,spillover
IGFBP1,-0.09427826100474897,go,spillover
INSIG1,-0.08902862469497384,go,spillover
INSIG2,-0.04103407920274942,go,spillover
INSR,0.020356851857187504,go,spillover
JTB,0.012565316931428044,go,spillover
KIN,0.07560743149840682,go,spillover
LAMTOR2,0.01677880718452679,go,spillover
LDLR,0.07093084608615512,go,spillover
LETM1,-0.04685983110873459,go,spillover
LGR4,-0.038352662164226343,go,spillover
LGR5,-0.0719281698124128,go,spillover
LIAS,-0.03685077451571754,go,spillover
MAOB,-0.1216643548373582,go,spillover
MDM2,0.04181047916162185,go,spillover
MET,0.10488893174081611,go,spillover
MSTO1,-0.09790009796885758,go,spillover
MTBP,-0.1400184977672619,go,spillover
MYL12B,0.17564800409758508,go,spillover
NF1,0.03755099822589315,go,spillover
NFYC,0.07414717647464276,go,spillover
NIFK,-0.050202671276003294,go,spillover
NPC1,0.0780268140820789,go,spillover
NPLOC4,-0.014115468953060331,go,spillover
NUBP1,0.18046369531558207,go,spillover
ORC2,-0.008978471217476662,go,spillover
PCK1,-0.080438075782756,go,spillover
PCSK9,0.013903851609813484,go,spillover
PIKFYVE,0.09212294069451903,go,spillover
PLIN2,0.07030142690986275,go,spillover
PMPCB,-0.1720448556561645,go,spillover
POLR1A,-0.02543835499717085,go,spillover
POLR2L,0.0451136365565591,go,spillover
POLR3A,0.06558905092624712,go,spillover
PRKAR1A,0.062109796462698166,go,spillover
PSMA1,0.01979890127777477,go,spillover
PSMC1,0.02607604479023879,go,spillover
PSMC3,0.03888519631794303,go,spillover
PSMC4,0.0008261025320833104,go,spillover
PSME1,-0.027870288153644403,go,spillover
PTEN,-0.07729645931449629,go,spillover
RABGGTA,0.11928951427740285,go,spillover
RAN,0.0956236025326697,go,spillover
RB1,-0.1717986122148353,go,spillover
RBM39,0.13557284043981685,go,spillover
RBP4,0.09799739040178111,go,spillover
REEP5,-0.0026554864410075173,go,spillover
RHEB,0.026964145951863014,go,spillover
RNGTT,0.08013280455948368,go,spillover
RPL18A,0.086428425472179,go,spillover
RPL19,0.009144926566697796,go,spillover
RPL27,0.012182760044212274,go,spillover
RPL27A,0.07208425304724006,go,spillover
RPL37A,0.16706739087316314,go,spillover
RPL38,0.0017342791868951506,go,spillover
RPL8,-0.09871566105597691,go,spillover
RPSA,-0.010925510936859244,go,spillover
RPTOR,0.022945853057850518,go,spillover
RRBP1,-0.02604985337288478,go,spillover
RRN3,-0.0008097145453578383,go,spillover
RXRA,-0.07961229630844073,go,spillover
SBNO1,-0.01084660820158584,go,spillover
SEC23A,0.01468004408013779,go,spillover
SEC23B,-0.012786045536109895,go,spillover
SEC61A1,0.06656147352271702,go,spillover
SEC61B,0.026634618872811502,go,spillover
SEC61G,0.01562205466186762,go,spillover
SEL1L,-0.2161518419281868,go,spillover
SERPINA1A,-0.04843189574482516,go,spillover
SERPINA1B,0.10198837066160661,go,spillover
SERPINA1C,-0.06759555614912394,go,spillover
SERPINC1,-0.03442045367179529,go,spillover
SF3A2,0.0966656118099597,go,spillover
SF3B6,0.10803025654806048,go,spillover
SLC27A5,0.030484035062684944,go,spillover
SLC35B1,0.06458774336799453,go,spillover
SLC39A9,-0.011112516401779167,go,spillover
SLU7,0.06825627803846822,go,spillover
SMG5,-0.007566221687664794,go,spillover
SNIP1,0.053303339225585986,go,spillover
SNRPA1,0.18172670583013759,go,spillover
SNW1,-0.10929057741182005,go,spillover
SPCS3,-0.037137456164909204,go,spillover
SQLE,0.10551044385698632,go,spillover
SREBF1,-0.10291179102115555,go,spillover
SREBF2,0.025137901921443447,go,spillover
SRP72,0.0071986134589627875,go,spillover
SRPRB,-0.023762399981654938,go,spillover
SSU72,0.12111318603158751,go,spillover
TAF1A,0.039858655918871354,go,spillover
TAP1,-0.022573916831284832,go,spillover
TAPBP,-0.07309353637690932,go,spillover
TBCB,0.0405440519218738,go,spillover
TRAPPC5,-0.0822298801399551,go,spillover
TRP53,-0.11031041131277385,go,spillover
TSC1,-0.008923366275573844,go,spillover
TUBA1A,0.09258845244701024,go,spillover
UBE2F,-0.05212167170165769,go,spillover
UBTF,0.03224191098238629,go,spillover
UQCRFS1,-0.16021535446193472,go,spillover
VCP,-0.04701516650963715,go,spillover
VHL,0.03839637648727594,go,spillover
XBP1,-0.012231633787488774,go,spillover
YIPF5,0.04127204476685475,go,spillover
ZFP830,-0.1069509755204282,go,spillover
ZW10,0.19048161902385827,go,spillover
