scenario,estimator,kind,ring,null_fpr_q,null_cov95,ntc_cov95,ntc_fpr_p05,power_q,auroc,fdp_q,n_tests
everything,E0_neighbour,autonomous,-1,0.259,0.678,0.78,0.217,0.943,0.955,0.74,1500.0
everything,E0_neighbour,spillover,0,0.061,0.894,0.896,0.102,0.476,0.773,0.592,1500.0
everything,E0_pseudobulk,autonomous,-1,0.304,0.682,0.782,0.216,0.943,0.956,0.769,1500.0
everything,E1,autonomous,-1,0.075,0.849,,,0.445,0.695,0.182,150.0
everything,E1,spillover,1,0.039,0.892,0.858,0.138,0.063,0.545,0.812,660.0
everything,E1,spillover,2,0.009,0.925,0.923,0.081,0.147,0.726,0.445,1500.0
everything,E2,autonomous,-1,0.071,0.826,0.889,0.111,0.869,0.932,0.455,1500.0
everything,E2,spillover,0,0.013,0.922,0.92,0.08,0.11,0.682,0.577,1500.0
everything,E2,spillover,1,0.01,0.932,0.928,0.072,0.066,0.651,0.628,1500.0
everything,E2,spillover,2,0.029,0.899,0.892,0.108,0.41,0.797,0.448,1500.0
everything,E3,autonomous,-1,0.038,0.868,,,0.317,0.69,0.125,180.0
everything,E3,spillover,1,0.095,0.784,,,0.173,0.516,0.889,390.0
everything,E3,spillover,2,0.023,0.905,0.896,0.104,0.157,0.663,0.632,1500.0
no_effect,E0_neighbour,autonomous,-1,0.0,0.942,0.944,0.056,,,,1500.0
no_effect,E0_neighbour,spillover,0,0.0,0.948,0.945,0.055,,,,1500.0
no_effect,E0_pseudobulk,autonomous,-1,0.0,0.941,0.942,0.056,,,,1500.0
no_effect,E1,autonomous,-1,0.0,0.943,0.942,0.061,,,1.0,1500.0
no_effect,E1,spillover,0,0.0,0.95,0.948,0.052,,,,1500.0
no_effect,E1,spillover,1,0.001,0.949,0.953,0.048,,,1.0,1500.0
no_effect,E1,spillover,2,0.0,0.946,0.944,0.06,,,,1500.0
no_effect,E2,autonomous,-1,0.0,0.94,0.944,0.056,,,,1500.0
no_effect,E2,spillover,0,0.001,0.945,0.943,0.057,,,1.0,1500.0
no_effect,E2,spillover,1,0.001,0.946,0.952,0.048,,,1.0,1500.0
no_effect,E2,spillover,2,0.0,0.956,0.952,0.048,,,,1500.0
no_effect,E3,autonomous,-1,0.003,0.939,0.937,0.063,,,1.0,1500.0
no_effect,E3,spillover,0,0.012,0.904,0.872,0.128,,,1.0,1470.0
no_effect,E3,spillover,1,0.001,0.941,0.941,0.059,,,1.0,1500.0
no_effect,E3,spillover,2,0.001,0.944,0.938,0.062,,,1.0,1500.0
spill,E0_neighbour,autonomous,-1,0.22,0.691,0.703,0.296,0.94,0.962,0.732,1500.0
spill,E0_neighbour,spillover,0,0.015,0.944,0.948,0.052,0.621,0.854,0.272,1500.0
spill,E0_pseudobulk,autonomous,-1,0.273,0.687,0.704,0.292,0.946,0.963,0.77,1500.0
spill,E1,autonomous,-1,0.156,0.699,0.703,0.294,0.923,0.964,0.663,1500.0
spill,E1,spillover,0,0.012,0.944,0.944,0.06,0.141,0.708,0.574,1500.0
spill,E1,spillover,1,0.01,0.952,0.953,0.053,0.307,0.798,0.315,1500.0
spill,E1,spillover,2,0.007,0.959,0.961,0.042,0.35,0.82,0.235,1500.0
spill,E2,autonomous,-1,0.175,0.685,0.699,0.301,0.935,0.965,0.684,1500.0
spill,E2,spillover,0,0.012,0.94,0.938,0.062,0.149,0.742,0.558,1500.0
spill,E2,spillover,1,0.01,0.95,0.944,0.056,0.359,0.796,0.287,1500.0
spill,E2,spillover,2,0.005,0.951,0.954,0.046,0.371,0.824,0.18,1500.0
spill,E3,autonomous,-1,0.095,0.79,0.825,0.175,0.923,0.955,0.545,1500.0
spill,E3,spillover,0,0.038,0.899,0.871,0.129,0.077,0.621,0.875,1470.0
spill,E3,spillover,1,0.009,0.939,0.938,0.062,0.241,0.753,0.362,1500.0
spill,E3,spillover,2,0.005,0.939,0.935,0.065,0.337,0.773,0.185,1500.0
spill_bleed,E0_neighbour,autonomous,-1,0.201,0.72,0.752,0.245,0.939,0.971,0.713,1500.0
spill_bleed,E0_neighbour,spillover,0,0.02,0.943,0.944,0.056,0.671,0.892,0.306,1500.0
spill_bleed,E0_pseudobulk,autonomous,-1,0.243,0.719,0.756,0.242,0.945,0.971,0.748,1500.0
spill_bleed,E1,autonomous,-1,0.147,0.726,0.756,0.242,0.934,0.97,0.647,1500.0
spill_bleed,E1,spillover,0,0.017,0.937,0.947,0.057,0.134,0.707,0.648,1500.0
spill_bleed,E1,spillover,1,0.011,0.951,0.959,0.049,0.42,0.843,0.273,1500.0
spill_bleed,E1,spillover,2,0.007,0.956,0.953,0.044,0.444,0.834,0.166,1500.0
spill_bleed,E2,autonomous,-1,0.161,0.713,0.748,0.252,0.939,0.972,0.667,1500.0
spill_bleed,E2,spillover,0,0.015,0.931,0.94,0.06,0.196,0.718,0.533,1500.0
spill_bleed,E2,spillover,1,0.011,0.944,0.95,0.05,0.459,0.84,0.262,1500.0
spill_bleed,E2,spillover,2,0.008,0.952,0.949,0.051,0.438,0.831,0.196,1500.0
spill_bleed,E3,autonomous,-1,0.078,0.807,0.866,0.134,0.912,0.962,0.499,1500.0
spill_bleed,E3,spillover,0,0.036,0.889,0.859,0.141,0.135,0.596,0.788,1470.0
spill_bleed,E3,spillover,1,0.015,0.929,0.926,0.074,0.312,0.773,0.423,1500.0
spill_bleed,E3,spillover,2,0.009,0.944,0.94,0.06,0.395,0.786,0.259,1500.0
spill_clonal,E0_neighbour,autonomous,-1,0.246,0.676,0.77,0.227,0.943,0.957,0.728,1500.0
spill_clonal,E0_neighbour,spillover,0,0.056,0.901,0.895,0.099,0.427,0.762,0.591,1500.0
spill_clonal,E0_pseudobulk,autonomous,-1,0.304,0.676,0.771,0.225,0.948,0.957,0.768,1500.0
spill_clonal,E1,autonomous,-1,0.094,0.811,,,0.547,0.796,0.179,150.0
spill_clonal,E1,spillover,1,0.051,0.877,0.846,0.146,0.035,0.505,0.941,660.0
spill_clonal,E1,spillover,2,0.011,0.924,0.919,0.083,0.147,0.696,0.474,1500.0
spill_clonal,E2,autonomous,-1,0.073,0.806,0.884,0.116,0.862,0.933,0.465,1500.0
spill_clonal,E2,spillover,0,0.012,0.936,0.932,0.068,0.01,0.512,0.932,1500.0
spill_clonal,E2,spillover,1,0.008,0.94,0.937,0.063,0.08,0.603,0.546,1500.0
spill_clonal,E2,spillover,2,0.018,0.922,0.919,0.081,0.285,0.757,0.412,1500.0
spill_clonal,E3,autonomous,-1,0.075,0.868,,,0.536,0.766,0.125,150.0
spill_clonal,E3,spillover,1,0.114,0.792,,,0.096,0.508,0.951,330.0
spill_clonal,E3,spillover,2,0.019,0.914,0.91,0.09,0.147,0.663,0.569,1500.0
spill_density,E0_neighbour,autonomous,-1,0.214,0.709,0.729,0.27,0.963,0.975,0.721,1500.0
spill_density,E0_neighbour,spillover,0,0.02,0.942,0.945,0.055,0.568,0.833,0.34,1500.0
spill_density,E0_pseudobulk,autonomous,-1,0.258,0.709,0.73,0.27,0.973,0.975,0.755,1500.0
spill_density,E1,autonomous,-1,0.148,0.715,0.737,0.266,0.946,0.971,0.647,1500.0
spill_density,E1,spillover,0,0.009,0.941,0.948,0.058,0.107,0.704,0.53,1500.0
spill_density,E1,spillover,1,0.008,0.949,0.952,0.05,0.297,0.807,0.284,1500.0
spill_density,E1,spillover,2,0.006,0.946,0.948,0.051,0.297,0.805,0.236,1500.0
spill_density,E2,autonomous,-1,0.168,0.696,0.713,0.287,0.962,0.976,0.67,1500.0
spill_density,E2,spillover,0,0.01,0.941,0.938,0.062,0.188,0.715,0.437,1500.0
spill_density,E2,spillover,1,0.009,0.945,0.951,0.049,0.353,0.803,0.281,1500.0
spill_density,E2,spillover,2,0.004,0.951,0.954,0.046,0.373,0.808,0.144,1500.0
spill_density,E3,autonomous,-1,0.084,0.792,0.815,0.185,0.918,0.962,0.518,1500.0
spill_density,E3,spillover,0,0.033,0.886,0.844,0.156,0.09,0.59,0.835,1470.0
spill_density,E3,spillover,1,0.007,0.939,0.94,0.06,0.254,0.768,0.278,1500.0
spill_density,E3,spillover,2,0.007,0.946,0.942,0.058,0.282,0.759,0.283,1500.0
spill_misassign,E0_neighbour,autonomous,-1,0.212,0.705,0.743,0.253,0.929,0.963,0.723,1500.0
spill_misassign,E0_neighbour,spillover,0,0.021,0.94,0.942,0.057,0.694,0.906,0.297,1500.0
spill_misassign,E0_pseudobulk,autonomous,-1,0.248,0.708,0.745,0.255,0.94,0.964,0.753,1500.0
spill_misassign,E1,autonomous,-1,0.131,0.738,0.788,0.215,0.923,0.967,0.622,1500.0
spill_misassign,E1,spillover,0,0.012,0.942,0.94,0.057,0.265,0.758,0.378,1500.0
spill_misassign,E1,spillover,1,0.011,0.944,0.935,0.059,0.491,0.849,0.24,1500.0
spill_misassign,E1,spillover,2,0.009,0.956,0.96,0.043,0.525,0.86,0.201,1500.0
spill_misassign,E2,autonomous,-1,0.165,0.708,0.75,0.25,0.935,0.967,0.672,1500.0
spill_misassign,E2,spillover,0,0.035,0.907,0.933,0.067,0.69,0.862,0.428,1500.0
spill_misassign,E2,spillover,1,0.012,0.939,0.936,0.064,0.515,0.845,0.235,1500.0
spill_misassign,E2,spillover,2,0.009,0.949,0.95,0.05,0.542,0.868,0.197,1500.0
spill_misassign,E3,autonomous,-1,0.096,0.808,0.864,0.136,0.912,0.958,0.544,1500.0
spill_misassign,E3,spillover,0,0.035,0.895,0.868,0.132,0.203,0.696,0.708,1470.0
spill_misassign,E3,spillover,1,0.012,0.945,0.942,0.058,0.401,0.82,0.275,1500.0
spill_misassign,E3,spillover,2,0.007,0.943,0.943,0.057,0.47,0.83,0.174,1500.0
