scenario,detection,rep,target,pi,n_unassigned_nb,r_unc_spill,r_cor_spill,r_unc_auto,r_cor_auto,sign_unc,sign_cor
clonal,0.4,0,T000,0.41708678007125854,291,0.46538202180707083,0.8216316438326897,0.7578321180108606,-0.16482014756719726,1.0,0.8571428571428571
clonal,0.4,0,T001,0.25700438022613525,360,0.5538091250381671,0.86890032263698,0.6697535100024634,-0.02290597276453002,0.8888888888888888,0.8888888888888888
clonal,0.4,0,T002,0.3028859794139862,258,0.6313487827562264,0.9321442305104709,0.6952392259598864,-0.0003897658106455103,0.9090909090909091,1.0
clonal,0.4,0,T003,0.33194270730018616,253,0.7786587218060835,0.9131596323293696,0.46123008369498786,-0.013609246252865751,0.8571428571428571,1.0
clonal,0.4,0,T004,0.2982960343360901,282,0.7386817308722957,0.9098294200257726,0.5366961144290852,0.03742240808778798,0.7692307692307693,0.8461538461538461
clonal,0.4,0,T005,0.3392949402332306,303,0.7314992297142083,0.9594949153603953,0.5766369548816255,-0.023964417676157163,0.7857142857142857,0.9285714285714286
clonal,0.4,0,T006,0.2869400382041931,390,0.7326701274003783,0.9615042141172867,0.5520677978066867,-0.02994658847415408,1.0,1.0
clonal,0.4,0,T007,0.27037012577056885,342,0.3415919671349599,0.7743960899094879,0.841126016240101,0.007896364882049247,0.7142857142857143,0.8571428571428571
clonal,0.4,0,T008,0.39993613958358765,307,0.7127584118863415,0.8884439994407953,0.7489228783199667,-0.004907243999271617,0.8,1.0
clonal,0.4,0,T009,0.3004322052001953,368,0.4574573041474471,0.9027493263614009,0.7961308596771606,-0.00092534419561919,0.8888888888888888,1.0
clonal,0.4,1,T000,0.26401570439338684,338,0.1481119882956935,0.6033304669742282,0.7809182284922985,-0.06080499740583219,0.625,0.75
clonal,0.4,1,T001,0.3889410197734833,319,0.4707567620218656,0.8515871950614191,0.8272691457936139,0.049168820040474785,0.7692307692307693,1.0
clonal,0.4,1,T002,0.37415215373039246,233,0.6777278635209817,0.8276947428214687,0.7549857067371809,0.037895863047286024,0.875,1.0
clonal,0.4,1,T003,0.2771906554698944,251,0.4561552816298856,0.7757248913293571,0.6289712193609284,-0.04596044353117447,0.9090909090909091,0.9090909090909091
clonal,0.4,1,T004,0.34492596983909607,328,0.5833659191192975,0.9049110755882039,0.569591133530948,-0.11170200431395555,0.7692307692307693,1.0
clonal,0.4,1,T005,0.3381340503692627,289,0.6410548003166201,0.8282897270239727,0.5020009114713131,-0.09246509297508651,0.9375,1.0
clonal,0.4,1,T006,0.3445436358451843,373,0.6645258635003513,0.8657928310092501,0.760696334478553,-0.047450582398193275,1.0,1.0
clonal,0.4,1,T007,0.31078222393989563,364,0.6510550334315149,0.9079227451261965,0.6886526196030748,-0.037748921698073215,1.0,1.0
clonal,0.4,1,T008,0.2794141471385956,237,0.7588213608662262,0.9194723327342591,0.47843407081502515,-0.051526071460229264,1.0,0.9090909090909091
clonal,0.4,1,T009,0.36503592133522034,365,0.6537929639733164,0.8986371124895416,0.5557757364732284,-0.17750895223828753,0.7272727272727273,1.0
clonal,0.7,0,T000,0.26412636041641235,367,0.686739765126725,0.850209214661385,0.5411034036703455,-0.14731586905407865,1.0,1.0
clonal,0.7,0,T001,0.13872049748897552,418,0.7651188475846465,0.8810727413976669,0.41952863304774657,-0.031327810321571406,0.7777777777777778,0.7777777777777778
clonal,0.7,0,T002,0.13100458681583405,350,0.8940884082465881,0.9612375226632677,0.32706966770411267,-0.011928103260261811,1.0,1.0
clonal,0.7,0,T003,0.14198420941829681,329,0.9082712989215863,0.9297014485184625,0.16278192885130613,-0.032822875092578384,1.0,1.0
clonal,0.7,0,T004,0.18205313384532928,377,0.9058872463449075,0.9593025940877938,0.2943814388438774,-0.009335455371930514,0.7692307692307693,0.8461538461538461
clonal,0.7,0,T005,0.19274753332138062,345,0.892539811467941,0.9742310463285473,0.34563538977303715,-0.02701132742211958,0.9285714285714286,0.9285714285714286
clonal,0.7,0,T006,0.12714684009552002,406,0.9205224961243509,0.9705481408195087,0.23458676286000352,-0.037057585477728756,1.0,0.9375
clonal,0.7,0,T007,0.14270810782909393,383,0.5643807969508082,0.7608272211651261,0.6439642097220595,-0.00020131319195152824,1.0,0.8571428571428571
clonal,0.7,0,T008,0.2794593572616577,357,0.8388817599520438,0.8983504265326504,0.6171265336564724,-0.018250009670727214,0.8666666666666667,1.0
clonal,0.7,0,T009,0.16282810270786285,412,0.7210696837241461,0.9206621015077938,0.5554763172650213,-0.010162389176024317,0.8888888888888888,0.8888888888888888
clonal,0.7,1,T000,0.1533970683813095,376,0.400995549485689,0.6440027041586747,0.5570569724899408,-0.04140265900531329,0.75,0.875
clonal,0.7,1,T001,0.21608448028564453,378,0.7081677151718099,0.8955630668669273,0.6734403529533359,0.053081838318846,0.9230769230769231,1.0
clonal,0.7,1,T002,0.25157561898231506,298,0.7863856680301232,0.8348192224574845,0.5864227518992404,0.02262531835863321,0.9375,1.0
clonal,0.7,1,T003,0.15720626711845398,318,0.6585371497234653,0.8117519463738695,0.36787062354570627,-0.04786698821313921,1.0,1.0
clonal,0.7,1,T004,0.1963871419429779,380,0.8187489190784978,0.943006697525625,0.2822701633684639,-0.1187143133030936,0.9230769230769231,1.0
clonal,0.7,1,T005,0.2372608780860901,378,0.7497137373475922,0.8404483651986844,0.34163027934317325,-0.09358722738552379,1.0,1.0
clonal,0.7,1,T006,0.24993327260017395,455,0.7625096787562538,0.8852452502628408,0.677722854468455,-0.06526280987539163,1.0,1.0
clonal,0.7,1,T007,0.19420768320560455,419,0.8060979184064518,0.9166938142522866,0.49197847957295004,-0.03807110207657687,1.0,1.0
clonal,0.7,1,T008,0.19904741644859314,269,0.8672104899227534,0.938619502113882,0.31649693867034684,-0.06717549138515817,0.9090909090909091,0.9090909090909091
clonal,0.7,1,T009,0.2042989581823349,429,0.8383185301372328,0.9154681083306023,0.2987268385261662,-0.15029285817618304,0.8181818181818182,1.0
clonal,1.0,0,T000,0.07409531623125076,348,0.8663675920161893,0.8660084820381763,0.07443536590890783,-0.12642223034410663,1.0,1.0
clonal,1.0,0,T001,0.0,406,0.9054834412904643,0.9054834412904643,-0.05736799825490498,-0.05736799825490498,1.0,1.0
clonal,1.0,0,T002,0.0,342,0.9700488337997092,0.9700488337997092,-0.09137614423955755,-0.09137614423955755,1.0,1.0
clonal,1.0,0,T003,0.0,309,0.9336528305263083,0.9336528305263083,-0.0448757085229711,-0.0448757085229711,1.0,1.0
clonal,1.0,0,T004,0.0,359,0.9622090888167784,0.9622090888167784,-0.002769029711989189,-0.002769029711989189,0.8461538461538461,0.8461538461538461
clonal,1.0,0,T005,0.009755324572324753,347,0.9796718481499891,0.9798816871653341,-0.01340534782266736,-0.03215606779895454,0.9285714285714286,0.9285714285714286
clonal,1.0,0,T006,0.0,411,0.9722274784197701,0.9722274784197701,-0.07374709445999192,-0.07374709445999192,0.9375,0.9375
clonal,1.0,0,T007,0.0,373,0.7744393408093325,0.7744393408093325,-0.01242468577891533,-0.01242468577891533,0.8571428571428571,0.8571428571428571
clonal,1.0,0,T008,0.10086186975240707,341,0.9450962258387126,0.9091412573534315,0.27495999813333855,0.010735074224100367,1.0,1.0
clonal,1.0,0,T009,0.0,387,0.936727482183597,0.936727482183597,-0.06443206261104154,-0.06443206261104154,0.8888888888888888,0.8888888888888888
clonal,1.0,1,T000,0.0,351,0.6759443073199609,0.6759443073199609,-0.182203147823485,-0.182203147823485,0.75,0.75
clonal,1.0,1,T001,0.027565043419599533,343,0.9116975887069242,0.9062328056915923,0.1519973738582594,0.054659274065318085,1.0,1.0
clonal,1.0,1,T002,0.05684646964073181,289,0.8634761603106764,0.8444545278062777,0.15375958500020315,0.019865231849063743,1.0,1.0
clonal,1.0,1,T003,0.0,311,0.8396048710649605,0.8396048710649605,-0.09570697663962116,-0.09570697663962116,1.0,1.0
clonal,1.0,1,T004,0.005239658057689667,367,0.9477828080198086,0.9486247591507629,-0.11146089825803684,-0.12100173415257433,1.0,1.0
clonal,1.0,1,T005,0.050436753779649734,370,0.8571076193413992,0.858090022282122,0.0014033467404243481,-0.08270586375325656,1.0,1.0
clonal,1.0,1,T006,0.08230480551719666,424,0.9317037888618069,0.8940677540712785,0.2498175204535986,-0.062042891868138564,1.0,1.0
clonal,1.0,1,T007,0.030710037797689438,382,0.9127316398870556,0.9098385883933773,0.03693556349916231,-0.04617272787788115,1.0,1.0
clonal,1.0,1,T008,0.04508572444319725,272,0.9544403049766965,0.9554360371927642,-0.003247926273839576,-0.0892555518348021,0.9090909090909091,0.9090909090909091
clonal,1.0,1,T009,0.038405891507864,407,0.9251739140450448,0.9212320179862685,-0.05654170427909054,-0.13398159399187592,1.0,1.0
misassign,0.4,0,T000,0.06655234843492508,819,0.9360040930340464,0.9390502271228832,0.07604233359458168,-0.1349594803738269,0.8,0.8
misassign,0.4,0,T001,0.0,701,0.90929511138201,0.90929511138201,-0.1429906828417925,-0.1429906828417925,0.8461538461538461,0.8461538461538461
misassign,0.4,0,T002,0.056383874267339706,912,0.8151909386444688,0.813336480907946,0.12891223496989962,-0.10280873321802532,0.9285714285714286,0.9285714285714286
misassign,0.4,0,T003,0.008750307373702526,830,0.8685861911682384,0.875156636546004,-0.10585969698895624,-0.15320499721661074,1.0,1.0
misassign,0.4,0,T004,0.055891312658786774,901,0.8793749896770895,0.8770544258845012,0.05355299341720956,-0.11419095464848301,1.0,1.0
misassign,0.4,0,T005,0.09132073074579239,872,0.8865477789963868,0.865576500280935,0.2692073906860049,-0.056937849290900504,0.9,0.9
misassign,0.4,0,T006,0.08391894400119781,806,0.8631551259758422,0.8845299994655986,0.12578038052408116,-0.11445859738056942,0.8571428571428571,0.8571428571428571
misassign,0.4,0,T007,0.0780404731631279,775,0.9373223183659835,0.9401460140586524,0.11411403617301262,-0.0907130320344296,0.9333333333333333,0.9333333333333333
misassign,0.4,0,T008,0.13590604066848755,893,0.9121482444791249,0.9015844774518388,0.11504705101449368,-0.1411134788108304,1.0,1.0
misassign,0.4,0,T009,0.08312945812940598,867,0.852398190390241,0.8754029299543948,0.21760998526781597,-0.09533371340482734,0.9090909090909091,0.9090909090909091
misassign,0.4,1,T000,0.06352309137582779,854,0.8267988235023552,0.8294856394956698,0.01272425529412051,-0.10530676843110787,1.0,1.0
misassign,0.4,1,T001,0.05224175751209259,892,0.9019480758746502,0.9243719416329603,0.12380959386717373,-0.06670410241176579,0.75,0.625
misassign,0.4,1,T002,0.08737102895975113,914,0.9337905074083774,0.9067360978989562,0.2330104806828005,-0.027082159528506906,0.8333333333333334,0.9166666666666666
misassign,0.4,1,T003,0.0659886822104454,931,0.9579728253427289,0.9555128284676425,0.09158373403831875,-0.06379834606522156,0.9166666666666666,0.9166666666666666
misassign,0.4,1,T004,0.04614720121026039,911,0.9432818895788503,0.9433858610660193,-0.02977612203866471,-0.13457174267762256,0.8571428571428571,0.8571428571428571
misassign,0.4,1,T005,0.04077429696917534,865,0.9102343214071531,0.9111648249734345,0.1282344163643429,0.022562930194709133,1.0,1.0
misassign,0.4,1,T006,0.03882591798901558,785,0.6391643168326034,0.6630864074400852,0.13010246433085929,-0.06480924367108389,1.0,1.0
misassign,0.4,1,T007,0.07791518419981003,728,0.7613781177628609,0.7783178809106539,0.490774734986667,-0.04606361258421083,1.0,1.0
misassign,0.4,1,T008,0.07167066633701324,828,0.8567543914147109,0.8629817240890054,0.10816771159978714,-0.12910976105262867,0.9,0.9
misassign,0.4,1,T009,0.045902810990810394,911,0.7835683990017698,0.7846099193529086,0.05665818164513793,-0.16837766920899921,0.9333333333333333,1.0
misassign,0.7,0,T000,0.04983481019735336,1212,0.9715166910199746,0.9690419479756871,0.0235257362235435,-0.12081279901625898,0.9,0.8
misassign,0.7,0,T001,0.0,1088,0.9497816745334405,0.9497816745334405,-0.1466274195972916,-0.1466274195972916,0.9230769230769231,0.9230769230769231
misassign,0.7,0,T002,0.05766605585813522,1263,0.8572288230558286,0.8601559632914119,0.1412158739245738,-0.08509794118456133,1.0,0.9285714285714286
misassign,0.7,0,T003,0.0,1241,0.9087213580975223,0.9087213580975223,-0.19633439465343508,-0.19633439465343508,1.0,1.0
misassign,0.7,0,T004,0.0297347791492939,1294,0.9054062149301414,0.9034359311155366,0.003989012423766789,-0.08475018291562196,1.0,1.0
misassign,0.7,0,T005,0.08414722234010696,1274,0.9289829188181187,0.9101688512909043,0.23359805302021885,-0.04842437288754777,0.9,0.8
misassign,0.7,0,T006,0.048265937715768814,1306,0.8926927978844912,0.9005195318043825,0.043144406187799224,-0.08794467059842619,0.7857142857142857,0.7857142857142857
misassign,0.7,0,T007,0.0852765142917633,1233,0.9547651542058857,0.9479603720822768,0.07764312211872737,-0.12426243377978644,0.9333333333333333,0.8666666666666667
misassign,0.7,0,T008,0.14626039564609528,1380,0.9367964476755595,0.9177379860977242,0.09045784306795114,-0.1611315939679466,0.9375,0.9375
misassign,0.7,0,T009,0.06274497509002686,1293,0.8907905846184702,0.8970078753519899,0.12871599143813567,-0.09002605830264425,1.0,0.9090909090909091
misassign,0.7,1,T000,0.06111518293619156,1275,0.8771576218143659,0.8804518305919895,0.026720414751022045,-0.08571878624447066,1.0,1.0
misassign,0.7,1,T001,0.04420129582285881,1237,0.9318301915032544,0.9505657804528858,0.10664263387390353,-0.05618732189590321,0.625,0.625
misassign,0.7,1,T002,0.09249424189329147,1397,0.9713601641726243,0.9410958250493106,0.25572117032488634,-0.010154787884179743,0.9166666666666666,0.9166666666666666
misassign,0.7,1,T003,0.061553142964839935,1407,0.9729513578241925,0.9689384619153114,0.08083899537555683,-0.05618019665042291,0.9166666666666666,0.9166666666666666
misassign,0.7,1,T004,0.03487229347229004,1292,0.9575524488603887,0.9560122235286794,-0.06570466325460199,-0.13921091105033623,0.8571428571428571,0.8571428571428571
misassign,0.7,1,T005,0.050723493099212646,1254,0.9394829947637403,0.9359240202872846,0.11514935977341823,-0.005252882101348204,1.0,1.0
misassign,0.7,1,T006,0.02064739540219307,1154,0.6974595637729732,0.705879944887826,0.0453356551733213,-0.04830109239653948,1.0,1.0
misassign,0.7,1,T007,0.04940875247120857,1203,0.8746280268570754,0.8754137042264764,0.39660925504570965,0.039468606780103874,1.0,1.0
misassign,0.7,1,T008,0.06426570564508438,1288,0.8859841845163987,0.8861234013347277,0.07453613288756772,-0.12377512172821128,0.8,0.9
misassign,0.7,1,T009,0.037084318697452545,1277,0.8620217471514972,0.8635366420788003,0.02940024822501323,-0.1401325179011696,1.0,1.0
misassign,1.0,0,T000,0.0326702743768692,1420,0.9813289209452201,0.9779265434232727,-0.014050558074324308,-0.09955991936095807,0.9,0.8
misassign,1.0,0,T001,0.0,1358,0.9621350455400112,0.9621350455400112,-0.18015120496949788,-0.18015120496949788,1.0,1.0
misassign,1.0,0,T002,0.042472559958696365,1526,0.8822709078989924,0.8807266046846669,0.08982271160682667,-0.06677026086945809,1.0,1.0
misassign,1.0,0,T003,0.0,1536,0.9183304137400305,0.9183304137400305,-0.25457698715877575,-0.25457698715877575,1.0,1.0
misassign,1.0,0,T004,0.006499436683952808,1582,0.9175116496964631,0.9166181196226802,-0.028140120708513305,-0.04625223725251003,1.0,1.0
misassign,1.0,0,T005,0.06762232631444931,1515,0.9485369256943077,0.9305696816044695,0.1843946861815305,-0.026865316207812767,0.8,0.8
misassign,1.0,0,T006,0.04198732227087021,1532,0.9071866248192341,0.910570615164347,-0.0021771802675574527,-0.10283356820141021,0.7857142857142857,0.7857142857142857
misassign,1.0,0,T007,0.06793922185897827,1471,0.9617020878407531,0.9519823049699825,0.04038482271048669,-0.1137289379608874,0.9333333333333333,0.8666666666666667
misassign,1.0,0,T008,0.15125814080238342,1616,0.951756967067438,0.9339557618027426,0.09361005238192302,-0.13755823061572484,1.0,1.0
misassign,1.0,0,T009,0.03715826943516731,1553,0.9172528248957167,0.9169757076414706,0.061969475851149314,-0.05423091027005801,1.0,1.0
misassign,1.0,1,T000,0.041327498853206635,1579,0.9195695890513328,0.9201388396753518,0.02742766286714276,-0.043061105262384984,1.0,1.0
misassign,1.0,1,T001,0.025784574449062347,1502,0.961350663237311,0.968288039034731,0.03652333886920527,-0.05027915950614702,0.625,0.625
misassign,1.0,1,T002,0.07110859453678131,1647,0.9827680596165087,0.9556546216230887,0.2065045643853724,0.016441434012900952,1.0,1.0
misassign,1.0,1,T003,0.04592689871788025,1634,0.9792525674392666,0.9737029924564006,0.035731774923459,-0.0573820357241705,0.9166666666666666,0.9166666666666666
misassign,1.0,1,T004,0.011126500554382801,1556,0.9622939094651216,0.9615806283719771,-0.09012190555614595,-0.11160297390027635,0.8571428571428571,0.8571428571428571
misassign,1.0,1,T005,0.0578719861805439,1532,0.9568093025730557,0.9510818813350674,0.10446847353939764,-0.0191457628315019,0.9285714285714286,0.9285714285714286
misassign,1.0,1,T006,0.005092964041978121,1459,0.7285063083983174,0.7295678135605134,-0.03317988458242309,-0.05399520561177587,1.0,1.0
misassign,1.0,1,T007,0.03211658447980881,1536,0.9265440334291601,0.9243301088158729,0.3312124915954758,0.10885910384724166,1.0,0.9
misassign,1.0,1,T008,0.046902481466531754,1547,0.9067728411808065,0.9047527178012452,0.031175829761323708,-0.10176499742709298,0.8,0.9
misassign,1.0,1,T009,0.013926640152931213,1507,0.9037286146080523,0.901883980071013,-0.014201107967619484,-0.07296716497355989,1.0,1.0
clonal_misassign,0.4,0,T000,0.41733893752098083,290,0.4634459456457633,0.8213524680074584,0.7586806217061609,-0.16529628419310735,1.0,0.8571428571428571
clonal_misassign,0.4,0,T001,0.2665054500102997,360,0.5444005482966023,0.8656711936203422,0.6782891812847525,-0.037222003939825575,0.8888888888888888,0.8888888888888888
clonal_misassign,0.4,0,T002,0.30479541420936584,267,0.6342189963709863,0.9266647875890516,0.686542887184285,-0.025440208660379535,0.9090909090909091,1.0
clonal_misassign,0.4,0,T003,0.33432772755622864,252,0.7771257369293834,0.9136565241782196,0.464537211390433,-0.013458424412574266,0.8571428571428571,1.0
clonal_misassign,0.4,0,T004,0.3096005618572235,282,0.7361445194691143,0.9082770079030892,0.5390891209690034,0.022740542083248473,0.7692307692307693,0.8461538461538461
clonal_misassign,0.4,0,T005,0.34834012389183044,302,0.7290668490452662,0.9590205282847317,0.5783369522539684,-0.040635089224325106,0.7857142857142857,0.9285714285714286
clonal_misassign,0.4,0,T006,0.28767693042755127,389,0.7326910269330567,0.9615192328547518,0.5517929310684851,-0.030432409966284216,1.0,1.0
clonal_misassign,0.4,0,T007,0.27121955156326294,342,0.3416862441358533,0.7756996883275152,0.8418367115587202,0.009187359088815914,0.7142857142857143,0.8571428571428571
clonal_misassign,0.4,0,T008,0.3996342122554779,315,0.7094634250740943,0.8962141034180895,0.7556850924738392,0.007777309843150342,0.8,1.0
clonal_misassign,0.4,0,T009,0.305618554353714,367,0.45203876984124436,0.8983375475572782,0.8002153907405313,-0.004921613856939727,0.8888888888888888,1.0
clonal_misassign,0.4,1,T000,0.26444077491760254,338,0.14663272639964692,0.6023959007583456,0.7821015537072928,-0.06053505024699012,0.625,0.75
clonal_misassign,0.4,1,T001,0.39179855585098267,322,0.47193612289365927,0.8420233021023638,0.8247466171411992,0.04473169542819394,0.8461538461538461,1.0
clonal_misassign,0.4,1,T002,0.4049171209335327,242,0.6644771549625755,0.8170930308643446,0.7674407577705397,0.010842369705683357,0.875,0.9375
clonal_misassign,0.4,1,T003,0.28576573729515076,251,0.4519227186779579,0.7790416909172865,0.6355846831955163,-0.05359906457795805,0.9090909090909091,0.9090909090909091
clonal_misassign,0.4,1,T004,0.3450053930282593,328,0.5819122190676732,0.9050702256989083,0.5710713314204687,-0.1113618943521794,0.7692307692307693,1.0
clonal_misassign,0.4,1,T005,0.33809688687324524,289,0.6403570779134287,0.8279448688796064,0.501414339377167,-0.09327661888895501,0.9375,1.0
clonal_misassign,0.4,1,T006,0.3482239246368408,371,0.659900500030489,0.86036061273908,0.7652733454553773,-0.055483962186948683,1.0,1.0
clonal_misassign,0.4,1,T007,0.3106618821620941,364,0.6497236326616599,0.9076610458486618,0.6898948285227362,-0.036987030247990625,1.0,1.0
clonal_misassign,0.4,1,T008,0.29221153259277344,238,0.756716293124346,0.9159629983744867,0.482860675229843,-0.07076388075116216,1.0,0.9090909090909091
clonal_misassign,0.4,1,T009,0.3767120838165283,367,0.6526391080331176,0.8959331884500914,0.5568353048168208,-0.1909897717765532,0.7272727272727273,1.0
clonal_misassign,0.7,0,T000,0.26351624727249146,366,0.6870072987899145,0.8505337190508224,0.5408684699117141,-0.14743881107565857,1.0,1.0
clonal_misassign,0.7,0,T001,0.14348658919334412,418,0.7616841332379186,0.8821124188738787,0.42860874149699446,-0.04060866686536334,0.7777777777777778,0.7777777777777778
clonal_misassign,0.7,0,T002,0.1404453068971634,359,0.892063839229473,0.959113676362061,0.32538084896647845,-0.04386588802773813,1.0,1.0
clonal_misassign,0.7,0,T003,0.14390107989311218,328,0.9085708926219931,0.9306223626393088,0.16542408473608106,-0.03300825501107547,1.0,1.0
clonal_misassign,0.7,0,T004,0.18742132186889648,377,0.9055754470948468,0.9591302006628795,0.29630155308644285,-0.016549035516056767,0.7692307692307693,0.8461538461538461
clonal_misassign,0.7,0,T005,0.20240478217601776,343,0.8915027423584202,0.9746301198274905,0.34777814075505115,-0.042495818613318435,0.9285714285714286,0.9285714285714286
clonal_misassign,0.7,0,T006,0.12750740349292755,405,0.9209819290158694,0.9710645775756749,0.23441099737150928,-0.03751850579073244,1.0,0.9375
clonal_misassign,0.7,0,T007,0.14780326187610626,381,0.557445314909721,0.7594831263477622,0.6540540102672301,-0.003476550171854887,1.0,0.8571428571428571
clonal_misassign,0.7,0,T008,0.27866366505622864,364,0.8380633560990716,0.9029038265124547,0.6241687668039262,-0.015324632164602501,0.8666666666666667,1.0
clonal_misassign,0.7,0,T009,0.16473451256752014,411,0.7191276324098168,0.9209787775910518,0.5602776087033019,-0.012578046544357421,0.8888888888888888,0.8888888888888888
clonal_misassign,0.7,1,T000,0.15709520876407623,375,0.3955655846547548,0.6424934257541627,0.563615014169219,-0.043032993979599754,0.75,0.875
clonal_misassign,0.7,1,T001,0.2203284651041031,378,0.7011192382466321,0.891470491056139,0.6783106557778493,0.04679510378965542,0.9230769230769231,1.0
clonal_misassign,0.7,1,T002,0.26223769783973694,298,0.7825842418932502,0.8259483369873396,0.5887152594555706,-0.0010460635526288564,0.9375,1.0
clonal_misassign,0.7,1,T003,0.16556058824062347,316,0.6552966863712902,0.8160836489271193,0.3762715320043886,-0.06081218047953502,1.0,1.0
clonal_misassign,0.7,1,T004,0.19645822048187256,380,0.8183462073074177,0.9431023810213248,0.2831328699496383,-0.11853412558696541,0.9230769230769231,1.0
clonal_misassign,0.7,1,T005,0.24250003695487976,377,0.7484714473606758,0.8401926022165115,0.34350998436351915,-0.1009421029951599,1.0,1.0
clonal_misassign,0.7,1,T006,0.25274521112442017,452,0.7580380576283411,0.8799829330411675,0.68337703615996,-0.0709006087921391,1.0,1.0
clonal_misassign,0.7,1,T007,0.19746774435043335,418,0.8036778779849432,0.9157999438277571,0.49658753710706344,-0.04313334631904741,1.0,1.0
clonal_misassign,0.7,1,T008,0.21761047840118408,269,0.8619606384201746,0.9348803192478642,0.32591566004746164,-0.09666815963987986,0.9090909090909091,0.9090909090909091
clonal_misassign,0.7,1,T009,0.21391403675079346,429,0.8367518006761442,0.9163603788582295,0.30877183978350176,-0.16215365680340857,0.8181818181818182,1.0
clonal_misassign,1.0,0,T000,0.0732007622718811,347,0.8672017066270096,0.8666160689819785,0.07177904852441448,-0.1269382085459597,1.0,1.0
clonal_misassign,1.0,0,T001,0.0,404,0.904679297019891,0.904679297019891,-0.052505100048963256,-0.052505100048963256,0.8888888888888888,0.8888888888888888
clonal_misassign,1.0,0,T002,0.0,337,0.9708332141879686,0.9708332141879686,-0.08976631703211482,-0.08976631703211482,1.0,1.0
clonal_misassign,1.0,0,T003,0.003279562806710601,309,0.933409198570092,0.933405891575437,-0.04139441192141506,-0.045428644206870476,1.0,1.0
clonal_misassign,1.0,0,T004,0.005877564661204815,358,0.9617133819374729,0.9616862328577441,-0.0021847021025889336,-0.011294990121680618,0.8461538461538461,0.8461538461538461
clonal_misassign,1.0,0,T005,0.01867671124637127,343,0.9803824561118066,0.980390023836022,-0.016477489405216792,-0.05218797677146599,0.9285714285714286,0.8571428571428571
clonal_misassign,1.0,0,T006,0.0,410,0.9722704530098123,0.9722704530098123,-0.07513606427880805,-0.07513606427880805,0.9375,0.9375
clonal_misassign,1.0,0,T007,0.0,370,0.7747320406543405,0.7747320406543405,-0.009961001506604375,-0.009961001506604375,0.8571428571428571,0.8571428571428571
clonal_misassign,1.0,0,T008,0.10007482767105103,340,0.9484519841708273,0.9114081517925758,0.2756666768164564,0.009358239569006385,1.0,1.0
clonal_misassign,1.0,0,T009,0.0,384,0.9360117775386876,0.9360117775386876,-0.06291943743744476,-0.06291943743744476,0.8888888888888888,0.8888888888888888
clonal_misassign,1.0,1,T000,0.0,349,0.6755103562001468,0.6755103562001468,-0.17576519524346976,-0.17576519524346976,0.75,0.75
clonal_misassign,1.0,1,T001,0.029009684920310974,341,0.9110674161090723,0.9051505867148385,0.1521928577023235,0.0490046456416274,1.0,0.9230769230769231
clonal_misassign,1.0,1,T002,0.06210756301879883,286,0.8624535444883444,0.8401947042588366,0.1509457411039282,0.003722313586037388,1.0,1.0
clonal_misassign,1.0,1,T003,0.0,307,0.84454953246457,0.84454953246457,-0.10126578270045293,-0.10126578270045293,1.0,1.0
clonal_misassign,1.0,1,T004,0.007507702335715294,366,0.948651146300539,0.9498435005693486,-0.1106158008689925,-0.12428889359571427,1.0,1.0
clonal_misassign,1.0,1,T005,0.05327696353197098,369,0.8572097903702917,0.8580770785580907,0.0012409123499398345,-0.08762720163966996,1.0,1.0
clonal_misassign,1.0,1,T006,0.08232155442237854,421,0.9316622035498335,0.8920480104264934,0.24971410944472489,-0.06560158869118828,1.0,1.0
clonal_misassign,1.0,1,T007,0.032245948910713196,381,0.9130076623537785,0.90979386001693,0.039021355447193304,-0.04867791098581732,1.0,1.0
clonal_misassign,1.0,1,T008,0.058297108858823776,270,0.9545397327269889,0.9538367995764399,-0.004872008902941401,-0.1176529253088549,0.9090909090909091,0.9090909090909091
clonal_misassign,1.0,1,T009,0.043993834406137466,404,0.9269446235672176,0.9218058033711103,-0.05494792386798562,-0.14392241053346366,1.0,1.0
