scenario,rep,estimator,kind,ring,n_tests,n_nonnull,n_compositional,null_mean_estimate,null_coverage95,null_fpr_q,null_fpr_p05,ntc_coverage95,ntc_fpr_q,ntc_fpr_p05,power_q,sign_agreement,auroc,fdp_q
no_effect,0,E1,autonomous,-1,1500,0,0,0.0004895629177835601,0.9573333333333334,0.0,0.043333333333333335,0.9533333333333334,0.0,0.05,,,,
no_effect,0,E1,spillover,1,780,0,0,0.006713533504327731,0.9487179487179487,0.007692307692307693,0.052564102564102565,,,,,,,1.0
no_effect,0,E1,spillover,2,1500,0,0,0.00046455645507486194,0.9453333333333334,0.0026666666666666666,0.052,0.9366666666666666,0.005,0.056666666666666664,,,,1.0
no_effect,0,E2_spatial_perm,autonomous,-1,1500,0,0,0.0008060805966487071,0.9473333333333334,0.0,0.05266666666666667,0.955,0.0,0.04666666666666667,,,,
no_effect,0,E2_spatial_perm,spillover,0,60,0,0,-0.026038577607253793,1.0,0.0,0.0,1.0,0.0,0.0,,,,
no_effect,0,E2_spatial_perm,spillover,1,1080,0,0,0.0019034990869086846,0.9722222222222222,0.000925925925925926,0.027777777777777776,1.0,0.0,0.0,,,,1.0
no_effect,0,E2_spatial_perm,spillover,2,1500,0,0,0.00011792159657973281,0.952,0.0,0.051333333333333335,0.9516666666666667,0.0,0.04666666666666667,,,,
no_effect,0,E2_perm,autonomous,-1,1500,0,0,0.0012389636886857096,0.95,0.0,0.051333333333333335,0.95,0.0,0.05333333333333334,,,,
no_effect,0,E2_perm,spillover,0,60,0,0,-0.01238905902364957,1.0,0.0,0.0,1.0,0.0,0.0,,,,
no_effect,0,E2_perm,spillover,1,1080,0,0,0.003225069381437292,0.9768518518518519,0.000925925925925926,0.023148148148148147,0.9966666666666667,0.0,0.0033333333333333335,,,,1.0
no_effect,0,E2_perm,spillover,2,1500,0,0,0.0006649404678117771,0.9486666666666667,0.002,0.05266666666666667,0.95,0.0033333333333333335,0.055,,,,1.0
no_effect,1,E1,autonomous,-1,1500,0,0,-0.00010649727080953786,0.9366666666666666,0.0026666666666666666,0.06533333333333333,0.9466666666666667,0.005,0.055,,,,1.0
no_effect,1,E1,spillover,1,720,0,0,-0.0037102390031939158,0.9472222222222222,0.008333333333333333,0.05416666666666667,,,,,,,1.0
no_effect,1,E1,spillover,2,1500,0,0,0.006254168911360672,0.9273333333333333,0.012,0.07133333333333333,0.9116666666666666,0.02,0.08333333333333333,,,,1.0
no_effect,1,E2_spatial_perm,autonomous,-1,1500,0,0,0.0018258993750415583,0.9386666666666666,0.005333333333333333,0.06,0.9566666666666667,0.005,0.041666666666666664,,,,1.0
no_effect,1,E2_spatial_perm,spillover,1,900,0,0,-0.002272455686272087,0.9544444444444444,0.0077777777777777776,0.03888888888888889,1.0,0.0,0.0,,,,1.0
no_effect,1,E2_spatial_perm,spillover,2,1500,0,0,0.008567520762643884,0.9266666666666666,0.007333333333333333,0.074,0.91,0.01,0.09166666666666666,,,,1.0
no_effect,1,E2_perm,autonomous,-1,1500,0,0,-0.0001852440395000563,0.936,0.004666666666666667,0.066,0.9466666666666667,0.005,0.056666666666666664,,,,1.0
no_effect,1,E2_perm,spillover,1,900,0,0,-0.002018323532230706,0.98,0.0044444444444444444,0.022222222222222223,1.0,0.0,0.0,,,,1.0
no_effect,1,E2_perm,spillover,2,1500,0,0,0.006781742592200446,0.9366666666666666,0.008666666666666666,0.068,0.9233333333333333,0.013333333333333334,0.08833333333333333,,,,1.0
spill,0,E1,autonomous,-1,1500,85,431,-0.001480500579133993,0.943089430894309,0.01016260162601626,0.051829268292682924,0.9483333333333334,0.01,0.05,0.8470588235294118,0.9647058823529412,0.9612864658058344,0.12195121951219512
spill,0,E1,spillover,1,780,88,332,-0.011893878175925549,0.925,0.030555555555555555,0.06388888888888888,,,,0.23863636363636365,0.9204545454545454,0.7152777777777778,0.34375
spill,0,E1,spillover,2,1500,96,332,0.0052467373837556605,0.9477611940298507,0.01585820895522388,0.051305970149253734,0.9383333333333334,0.023333333333333334,0.06,0.15625,0.8958333333333334,0.6814754353233831,0.53125
spill,0,E2_spatial_perm,autonomous,-1,1500,85,431,-0.0006656903886674869,0.9461382113821138,0.006097560975609756,0.057926829268292686,0.9533333333333334,0.005,0.051666666666666666,0.8235294117647058,0.9529411764705882,0.957556193208991,0.07894736842105263
spill,0,E2_spatial_perm,spillover,0,60,0,0,0.053050999604285796,1.0,0.0,0.0,1.0,0.0,0.0,,,,
spill,0,E2_spatial_perm,spillover,1,1080,88,332,-0.005291095253734157,0.9742424242424242,0.00909090909090909,0.024242424242424242,0.9833333333333333,0.0,0.016666666666666666,0.11363636363636363,0.8863636363636364,0.7455922865013774,0.375
spill,0,E2_spatial_perm,spillover,2,1500,96,332,0.003605016293130606,0.9468283582089553,0.012126865671641791,0.049440298507462684,0.9416666666666667,0.02,0.055,0.16666666666666666,0.8854166666666666,0.7070020988805971,0.4482758620689655
spill,0,E2_perm,autonomous,-1,1500,85,431,-0.0015179425702412312,0.9471544715447154,0.008130081300813009,0.052845528455284556,0.95,0.006666666666666667,0.055,0.8470588235294118,0.9529411764705882,0.9586083213773315,0.1
spill,0,E2_perm,spillover,0,60,0,0,0.06809143228109152,1.0,0.0,0.0,1.0,0.0,0.0,,,,
spill,0,E2_perm,spillover,1,1080,88,332,-0.007321130642283425,0.9803030303030303,0.010606060606060607,0.01818181818181818,0.9966666666666667,0.0,0.0033333333333333335,0.125,0.8863636363636364,0.7927341597796143,0.3888888888888889
spill,0,E2_perm,spillover,2,1500,96,332,0.004452425262927128,0.9514925373134329,0.012126865671641791,0.04757462686567164,0.9433333333333334,0.018333333333333333,0.055,0.17708333333333334,0.875,0.7230740827114428,0.43333333333333335
spill,1,E1,autonomous,-1,1500,113,356,-0.003720821041758362,0.9369544131910766,0.01066925315227934,0.06498545101842872,0.9366666666666666,0.01,0.065,0.7787610619469026,0.9380530973451328,0.9058994188990842,0.1111111111111111
spill,1,E1,spillover,1,720,57,243,0.013037230908283636,0.9476190476190476,0.016666666666666666,0.05238095238095238,,,,0.19298245614035087,0.8421052631578947,0.7529657477025898,0.3888888888888889
spill,1,E1,spillover,2,1500,69,291,0.006110922095824776,0.9263157894736842,0.016666666666666666,0.07719298245614035,0.9116666666666666,0.02,0.09,0.2028985507246377,0.7681159420289855,0.7250953470633105,0.5757575757575758
spill,1,E2_spatial_perm,autonomous,-1,1500,113,356,-0.004390046448776278,0.9340446168768186,0.009699321047526674,0.06886517943743937,0.9283333333333333,0.01,0.06833333333333333,0.7964601769911505,0.9469026548672567,0.9068006832442083,0.1
spill,1,E2_spatial_perm,spillover,1,900,69,291,0.009232973827453996,0.9796296296296296,0.003703703703703704,0.018518518518518517,1.0,0.0,0.0,0.10144927536231885,0.855072463768116,0.7567364465915191,0.2222222222222222
spill,1,E2_spatial_perm,spillover,2,1500,69,291,0.007304268305423864,0.9228070175438596,0.01929824561403509,0.07631578947368421,0.9133333333333333,0.025,0.08666666666666667,0.2318840579710145,0.782608695652174,0.7321764556318331,0.5789473684210527
spill,1,E2_perm,autonomous,-1,1500,113,356,-0.00413643065796997,0.9379243452958292,0.009699321047526674,0.06401551891367604,0.9333333333333333,0.011666666666666667,0.06666666666666667,0.7964601769911505,0.9469026548672567,0.9156588242362858,0.1
spill,1,E2_perm,spillover,1,900,69,291,0.008898336305836696,0.987037037037037,0.0,0.012962962962962963,1.0,0.0,0.0,0.08695652173913043,0.8695652173913043,0.7666398282340311,0.0
spill,1,E2_perm,spillover,2,1500,69,291,0.005688375949155603,0.9236842105263158,0.016666666666666666,0.07456140350877193,0.915,0.02,0.08166666666666667,0.2318840579710145,0.8115942028985508,0.7258581235697941,0.5428571428571428
spill_clonal,0,E1,spillover,2,960,31,100,0.006409572874697689,0.9179734620024126,0.028950542822677925,0.08443908323281062,0.95,0.0125,0.05,0.16129032258064516,0.9032258064516129,0.78174248025215,0.8275862068965517
spill_clonal,0,E2_spatial_perm,autonomous,-1,1500,78,261,-0.0008007530140563831,0.9345391903531438,0.012058570198105082,0.06459948320413436,0.935,0.013333333333333334,0.06166666666666667,0.782051282051282,0.9358974358974359,0.923883036286137,0.18666666666666668
spill_clonal,0,E2_spatial_perm,spillover,1,180,11,0,-0.017541528530064642,0.9940828402366864,0.005917159763313609,0.005917159763313609,1.0,0.0,0.0,0.0,0.9090909090909091,0.9365250134480904,1.0
spill_clonal,0,E2_spatial_perm,spillover,2,1200,43,148,0.0021161946756278896,0.8889990089197225,0.03964321110009911,0.1159563924677899,0.9166666666666666,0.025,0.08888888888888889,0.5581395348837209,0.9069767441860465,0.7988337520455435,0.625
spill_clonal,0,E2_perm,autonomous,-1,1500,78,261,-0.0002481584547068074,0.9474590869939707,0.013781223083548665,0.056847545219638244,0.9466666666666667,0.013333333333333334,0.055,0.7692307692307693,0.9615384615384616,0.9199187261202765,0.21052631578947367
spill_clonal,0,E2_perm,spillover,1,180,11,0,-0.016068386181437168,1.0,0.0,0.0,1.0,0.0,0.0,0.0,0.9090909090909091,0.9300699300699301,
spill_clonal,0,E2_perm,spillover,2,1200,43,148,0.0023856087519091417,0.8800792864222002,0.04558969276511397,0.1159563924677899,0.9333333333333333,0.022222222222222223,0.06666666666666667,0.5813953488372093,0.9302325581395349,0.8230345495194412,0.647887323943662
spill_clonal,1,E1,spillover,2,900,82,346,0.013200932878895623,0.934322033898305,0.023305084745762712,0.059322033898305086,0.9458333333333333,0.020833333333333332,0.041666666666666664,0.07317073170731707,0.8414634146341463,0.6721527490698637,0.6470588235294118
spill_clonal,1,E2_spatial_perm,autonomous,-1,1500,90,162,0.0003833500035372046,0.9599358974358975,0.003205128205128205,0.041666666666666664,0.9633333333333334,0.005,0.03833333333333333,0.7666666666666667,0.9555555555555556,0.9086093304843305,0.0547945205479452
spill_clonal,1,E2_spatial_perm,spillover,1,60,0,0,0.035013546198696704,0.95,0.05,0.05,,,,,,,1.0
spill_clonal,1,E2_spatial_perm,spillover,2,1140,96,392,0.0057352254096460645,0.8374233128834356,0.08282208588957055,0.1656441717791411,0.7944444444444444,0.125,0.20277777777777778,0.25,0.84375,0.6693187627811861,0.6923076923076923
spill_clonal,1,E2_perm,autonomous,-1,1500,90,162,-0.00033709274624528105,0.9519230769230769,0.004807692307692308,0.04567307692307692,0.9583333333333334,0.0033333333333333335,0.04,0.8111111111111111,0.9888888888888889,0.9185007122507122,0.0759493670886076
spill_clonal,1,E2_perm,spillover,1,60,0,0,0.036622137924303605,1.0,0.0,0.016666666666666666,,,,,,,
spill_clonal,1,E2_perm,spillover,2,1140,96,392,0.005951277344462104,0.8236196319018405,0.11042944785276074,0.17024539877300612,0.7833333333333333,0.16944444444444445,0.2111111111111111,0.3229166666666667,0.8541666666666666,0.680230700408998,0.6990291262135923
everything,0,E1,spillover,2,960,31,100,0.0018503969835360029,0.9288299155609168,0.018094089264173704,0.06513872135102533,0.9458333333333333,0.0125,0.04583333333333333,0.03225806451612903,0.8709677419354839,0.7778901902797775,0.9375
everything,0,E2_spatial_perm,autonomous,-1,1500,78,261,-0.0016556075046812232,0.9465977605512489,0.004306632213608958,0.056847545219638244,0.935,0.005,0.07,0.782051282051282,0.9358974358974359,0.9168378276905408,0.07575757575757576
everything,0,E2_spatial_perm,spillover,1,180,11,0,-0.02092694398346865,0.9881656804733728,0.005917159763313609,0.011834319526627219,0.9916666666666667,0.008333333333333333,0.008333333333333333,0.0,0.9090909090909091,0.7869822485207101,1.0
everything,0,E2_spatial_perm,spillover,2,1200,43,148,0.002617492089117382,0.9038652130822596,0.030723488602576808,0.10009910802775025,0.9305555555555556,0.013888888888888888,0.06944444444444445,0.3488372093023256,0.8604651162790697,0.7778827759467123,0.6739130434782609
everything,0,E2_perm,autonomous,-1,1500,78,261,-0.003013716565450544,0.9577950043066322,0.007751937984496124,0.04565030146425495,0.9416666666666667,0.011666666666666667,0.055,0.8205128205128205,0.9487179487179487,0.9382053490580622,0.1232876712328767
everything,0,E2_perm,spillover,1,180,11,0,-0.01786336053192342,1.0,0.0,0.0,1.0,0.0,0.0,0.0,1.0,0.7310381925766541,
everything,0,E2_perm,spillover,2,1200,43,148,0.0008655826859070395,0.8909811694747275,0.035678889990089196,0.10802775024777007,0.9388888888888889,0.016666666666666666,0.05277777777777778,0.37209302325581395,0.8837209302325582,0.8019913799064237,0.6923076923076923
everything,1,E1,spillover,2,960,96,392,-0.007770798684536092,0.923728813559322,0.023305084745762712,0.0826271186440678,0.9416666666666667,0.004166666666666667,0.0625,0.125,0.8645833333333334,0.700587040960452,0.4782608695652174
everything,1,E2_spatial_perm,autonomous,-1,1500,90,162,-0.003931757719105575,0.936698717948718,0.01282051282051282,0.060897435897435896,0.955,0.008333333333333333,0.043333333333333335,0.7222222222222222,0.9555555555555556,0.9088675213675214,0.19753086419753085
everything,1,E2_spatial_perm,spillover,1,60,0,0,-0.05037216714362671,0.9833333333333333,0.0,0.0,,,,,,,
everything,1,E2_spatial_perm,spillover,2,1140,96,392,-0.0068928105747558185,0.8190184049079755,0.09969325153374232,0.17638036809815952,0.7611111111111111,0.1388888888888889,0.23333333333333334,0.3020833333333333,0.875,0.7040196830265848,0.6914893617021277
everything,1,E2_perm,autonomous,-1,1500,90,162,-0.00477515263876437,0.9294871794871795,0.020032051282051284,0.07291666666666667,0.9533333333333334,0.01,0.04666666666666667,0.7444444444444445,0.9333333333333333,0.919818376068376,0.2717391304347826
everything,1,E2_perm,spillover,1,60,0,0,-0.05448882584497174,1.0,0.0,0.0,,,,,,,
everything,1,E2_perm,spillover,2,1140,96,392,-0.006039837599953401,0.8190184049079755,0.11042944785276074,0.18404907975460122,0.7611111111111111,0.1527777777777778,0.24166666666666667,0.375,0.875,0.717200281186094,0.6666666666666666
