target,pi,pi_low,pi_high,n_unassigned_nb
CD14,0.5680787563323975,0.3216280244290829,0.5069056451320648,1384
CHUK,0.4848780035972595,0.2367191705852747,0.4027379177510739,2291
IKBKB,0.5413488149642944,0.16088729910552502,0.4346004791557789,3414
IRAK1,0.7374682426452637,0.4774615116417408,0.7390015333890915,4743
IRAK4,0.09804107248783112,0.0,0.33935486748814586,11453
IRF3,1.0,0.8784979552030563,1.0,14046
IRF5,1.0,0.7464447796344758,0.9988657787442208,11087
IRF7,0.6468462347984314,0.46627086997032163,0.6336111396551133,10572
JUN,0.38702192902565,0.17877791076898575,0.3275214836001396,1690
LBP,0.802129328250885,0.4725456081330776,0.6690466165542603,4984
LY96,0.5841352939605713,0.24749647602438926,0.48748769536614417,1611
MAP2K1,0.5339406132698059,0.21831297129392624,0.4609120048582554,2244
MAP2K2,0.4742874801158905,0.39749290719628333,0.5118541195988655,7388
MAP2K3,0.35443660616874695,0.19919166378676892,0.41668259873986246,10200
MAP2K6,1.0,0.8887317523360252,1.0,13455
MAP2K7,0.6560985445976257,0.3564962647855282,0.5623795866966248,2621
MAP3K7,0.6107504367828369,0.39959813877940176,0.5865396678447723,2812
MAPK14,0.4345872402191162,0.15704931281507015,0.352191785722971,1388
MYD88,0.729504406452179,0.5249121904373169,0.7226180031895638,6253
NFKB1,0.9031476974487305,0.560850240290165,0.8251196473836899,4730
NFKBIA,0.8562160730361938,0.6488986879587173,0.8880188286304473,6096
PELI1,0.4906156361103058,0.3704529792070389,0.5158519119024277,7766
PIK3CA,0.6151387095451355,0.2611774042248726,0.5219092965126039,2711
RELA,0.8747240304946899,0.6354010224342346,0.8529543325304986,5874
RIPK1,0.420002818107605,0.04669995661824942,0.47438159957528114,8911
TAB1,0.3462703227996826,0.02053759088739754,0.29411838501691817,1376
TAB2,0.3115620017051697,0.035273229889571676,0.376990007609129,5747
TBK1,0.25752532482147217,0.025405652960762384,0.24725642241537582,2420
TICAM1,0.2543421685695648,0.00348619591095485,0.24355395138263705,1023
TIRAP,0.6805610656738281,0.3983780346810818,0.6503676176071167,4630
TLR4,0.6487902998924255,0.20608723834156994,0.5010135009884835,2550
TRADD,0.3421497642993927,0.022413584077730773,0.39702067226171495,1024
TRAF6,0.6487012505531311,0.4571418218314648,0.5924906313419342,2170
TRAM1,0.5614755749702454,0.4321813128888607,0.5765777736902237,8380
