target,cor_auto_vs_unassigned_neighbours,n_g,n_neighbours
Nubp1,0.7553458700984305,1860,7042
Tbcb,0.9318819482118516,1791,6400
Dut,0.7661413717106146,1704,5992
Ccdc84,0.8444487061527999,1687,5517
Rpl38,0.27944056927398864,1223,4759
Npc1,0.3918334396672774,1085,3788
Ddx20,0.4420186755888449,1079,3686
Hnrnpu,0.9742221638950803,1050,4500
Pmpcb,0.6582294910713172,1009,4018
Gpn1,0.9221546095267689,946,3734
Acvr1,0.5628744549675991,909,3540
Dnm2,0.6130314411435498,873,3306
Slc35b1,0.5448650404754886,856,3283
Sec61a1,0.9331096942303225,850,3322
Sbno1,0.9018528042233956,840,3047
Jtb,0.7757163537442012,832,3299
Lgr4,0.9632818595694674,814,2589
Tap1,0.6661641332223093,777,3130
Polr1a,0.5878330464836282,757,2944
Lars,0.3249742647480692,727,2814
Nfyc,0.7923787275979671,712,2677
Rars,0.8839280257502958,693,2687
Snrpa1,0.932781267082118,692,2786
Tapbp,0.8769949158916942,674,2338
Bccip,0.8632088273865711,674,2807
Polr2l,0.8182406942889913,672,2686
Rpl27a,0.9437675961619278,645,2820
Uqcrfs1,0.6219047789942972,644,2524
Met,0.573085821461425,638,2286
Srp72,0.6561608859796697,638,2323
Atp6ap1,0.6625001739149406,630,2420
Slu7,0.6765784411992335,604,2280
Eftud2,0.5632608897020578,600,2415
Sf3b6,0.7044015807823965,579,2329
Rrn3,0.605167097482028,578,2132
Ssu72,0.670481404095006,572,2203
Mtbp,0.7131365405097041,550,2072
Kin,0.6816645057997218,545,2160
Rpsa,0.7710188786212966,537,2254
Dnajc17,0.8670808574534336,528,2061
Rpl27,0.8054771729364263,523,2168
B3galt6,0.6763976263131479,518,2116
Rpl19,0.5531321158449783,506,2120
Crnkl1,0.4485808487080558,489,2042
Sf3a2,0.570998958113709,483,1995
Pikfyve,0.7067564222184963,474,1896
Dnajb9,0.529855122737206,474,1709
Taf1a,0.8131234852611936,472,2018
Hspa8,0.7124767953862514,459,1762
Rpl18a,0.040105409731817344,455,1847
Nars,0.11680362173080233,449,1671
Snw1,0.7169713795401472,446,1750
Eif2b4,0.388259529309319,431,1665
Cct5,0.7593040410462446,426,1631
Cltc,0.7481128100035306,421,1647
Pten,0.6105455814743419,420,1472
H2-T23,0.41844762249125356,418,1714
Gsk3b,0.8050091590955905,415,1418
Msto1,0.9230341974386654,410,1625
Ran,0.8403055695042283,405,1525
