scenario,rep,estimator,kind,ring,n_tests,n_nonnull,null_mean_estimate,null_coverage95,null_fpr_q,null_fpr_p05,power_q,sign_agreement,auroc,fdp_q
no_effect,0,E1,autonomous,-1,900,0,0.00031129435070658524,0.9422222222222222,0.005555555555555556,0.056666666666666664,,,,1.0
no_effect,0,E1,spillover,0,900,52,-0.001799538819335537,0.9481132075471698,0.0023584905660377358,0.05070754716981132,0.11538461538461539,0.8269230769230769,0.7280705732946299,0.25
no_effect,0,E1,spillover,1,900,52,-0.0005311994338184399,0.9599056603773585,0.0,0.05188679245283019,0.17307692307692307,0.8846153846153846,0.8100734760522497,0.0
no_effect,0,E1,spillover,2,900,52,8.47133257483658e-05,0.9457547169811321,0.0011792452830188679,0.0589622641509434,0.19230769230769232,0.8846153846153846,0.7806150217706822,0.09090909090909091
no_effect,0,E1_analytic,autonomous,-1,900,0,0.00031129435070658524,0.9388888888888889,0.005555555555555556,0.056666666666666664,,,,1.0
no_effect,0,E1_analytic,spillover,0,900,52,-0.001799538819335537,0.9516509433962265,0.0023584905660377358,0.05070754716981132,0.11538461538461539,0.8269230769230769,0.727548984034833,0.25
no_effect,0,E1_analytic,spillover,1,900,52,-0.0005311994338184399,0.9599056603773585,0.0,0.05188679245283019,0.17307692307692307,0.8846153846153846,0.8164232583454281,0.0
no_effect,0,E1_analytic,spillover,2,900,52,8.47133257483658e-05,0.9433962264150944,0.0011792452830188679,0.0589622641509434,0.19230769230769232,0.8846153846153846,0.7840393686502177,0.09090909090909091
no_effect,0,E2,autonomous,-1,900,0,0.0003011963180432701,0.9366666666666666,0.005555555555555556,0.06333333333333334,,,,1.0
no_effect,0,E2,spillover,0,900,52,-0.0006090738276921898,0.9481132075471698,0.0047169811320754715,0.05188679245283019,0.15384615384615385,0.7884615384615384,0.7358490566037736,0.3333333333333333
no_effect,0,E2,spillover,1,900,52,-0.0006569451917430064,0.9481132075471698,0.0,0.05188679245283019,0.23076923076923078,0.8846153846153846,0.8205279390420899,0.0
no_effect,0,E2,spillover,2,900,52,0.0001363234448957421,0.9422169811320755,0.0011792452830188679,0.05778301886792453,0.3076923076923077,0.8846153846153846,0.7736302612481857,0.058823529411764705
no_effect,1,E1,autonomous,-1,900,0,0.0090186266780232,0.9055555555555556,0.011111111111111112,0.09555555555555556,,,,1.0
no_effect,1,E1,spillover,0,900,137,-0.010384504513630773,0.9331585845347313,0.002621231979030144,0.07339449541284404,0.10218978102189781,0.7664233576642335,0.6571256373707322,0.125
no_effect,1,E1,spillover,1,900,137,-0.0041452220391269045,0.9410222804718218,0.001310615989515072,0.06684141546526867,0.22627737226277372,0.8759124087591241,0.7581865666644344,0.03125
no_effect,1,E1,spillover,2,900,137,-0.0013127584063485995,0.9462647444298821,0.001310615989515072,0.05897771952817824,0.25547445255474455,0.8540145985401459,0.7319264141737858,0.027777777777777776
no_effect,1,E1_analytic,autonomous,-1,900,0,0.0090186266780232,0.9044444444444445,0.011111111111111112,0.09555555555555556,,,,1.0
no_effect,1,E1_analytic,spillover,0,900,137,-0.010384504513630773,0.926605504587156,0.002621231979030144,0.07339449541284404,0.10218978102189781,0.7664233576642335,0.657441333193024,0.125
no_effect,1,E1_analytic,spillover,1,900,137,-0.0041452220391269045,0.9436435124508519,0.001310615989515072,0.06684141546526867,0.22627737226277372,0.8759124087591241,0.7598224450163109,0.03125
no_effect,1,E1_analytic,spillover,2,900,137,-0.0013127584063485995,0.9501965923984272,0.001310615989515072,0.05897771952817824,0.25547445255474455,0.8540145985401459,0.7283676612679493,0.027777777777777776
no_effect,1,E2,autonomous,-1,900,0,0.009016588867313092,0.8833333333333333,0.015555555555555555,0.11666666666666667,,,,1.0
no_effect,1,E2,spillover,0,900,137,-0.010464402404949103,0.927916120576671,0.003931847968545216,0.07208387942332896,0.16058394160583941,0.8102189781021898,0.6766987783528331,0.12
no_effect,1,E2,spillover,1,900,137,-0.004747985287234785,0.927916120576671,0.003931847968545216,0.07208387942332896,0.291970802919708,0.8978102189781022,0.7462188250375487,0.06976744186046512
no_effect,1,E2,spillover,2,900,137,-0.0008915900942148329,0.9462647444298821,0.0,0.053735255570117955,0.291970802919708,0.8467153284671532,0.7386516918426113,0.0
spill,0,E1,autonomous,-1,900,98,-0.014093545090914365,0.672069825436409,0.17581047381546136,0.327930174563591,0.9183673469387755,0.9897959183673469,0.9570970532851545,0.6103896103896104
spill,0,E1,spillover,0,900,67,-0.00614601085598101,0.9351740696278511,0.014405762304921969,0.06722689075630252,0.08955223880597014,0.8955223880597015,0.665513966780742,0.6666666666666666
spill,0,E1,spillover,1,900,67,-0.003525495389279879,0.9399759903961584,0.014405762304921969,0.060024009603841535,0.2835820895522388,0.8507462686567164,0.7829997670710075,0.3870967741935484
spill,0,E1,spillover,2,900,67,-0.00024376277738130114,0.9387755102040817,0.006002400960384154,0.060024009603841535,0.31343283582089554,0.8955223880597015,0.7947716399992832,0.19230769230769232
spill,0,E1_analytic,autonomous,-1,900,98,-0.014093545090914365,0.6745635910224439,0.17581047381546136,0.327930174563591,0.9183673469387755,0.9897959183673469,0.9561300829558756,0.6103896103896104
spill,0,E1_analytic,spillover,0,900,67,-0.00614601085598101,0.9279711884753902,0.014405762304921969,0.06722689075630252,0.08955223880597014,0.8955223880597015,0.6682553618462311,0.6666666666666666
spill,0,E1_analytic,spillover,1,900,67,-0.003525495389279879,0.9339735894357744,0.014405762304921969,0.060024009603841535,0.2835820895522388,0.8507462686567164,0.7825159914712153,0.3870967741935484
spill,0,E1_analytic,spillover,2,900,67,-0.00024376277738130114,0.943577430972389,0.006002400960384154,0.060024009603841535,0.31343283582089554,0.8955223880597015,0.7989106090197273,0.19230769230769232
spill,0,E2,autonomous,-1,900,98,-0.013951796775622468,0.6346633416458853,0.20324189526184538,0.3653366583541147,0.9285714285714286,0.9897959183673469,0.9538780599521605,0.6417322834645669
spill,0,E2,spillover,0,900,67,-0.006267385832989911,0.9303721488595438,0.021608643457382955,0.06962785114045618,0.1044776119402985,0.835820895522388,0.7027826055795452,0.72
spill,0,E2,spillover,1,900,67,-0.004124492280068644,0.9279711884753902,0.01800720288115246,0.07202881152460984,0.34328358208955223,0.8208955223880597,0.7972980236870868,0.39473684210526316
spill,0,E2,spillover,2,900,67,-0.00022044633786346782,0.9339735894357744,0.013205282112845138,0.06602641056422569,0.34328358208955223,0.8656716417910447,0.7950941570658114,0.3235294117647059
spill,1,E1,autonomous,-1,900,84,0.0040724787992868095,0.6605392156862745,0.19607843137254902,0.3382352941176471,0.9285714285714286,0.9880952380952381,0.9610469187675069,0.6722689075630253
spill,1,E1,spillover,0,900,88,-0.01047812553441408,0.9125615763546798,0.022167487684729065,0.09236453201970443,0.19318181818181818,0.8295454545454546,0.7183021719659651,0.5142857142857142
spill,1,E1,spillover,1,900,88,-0.005122221599967437,0.9347290640394089,0.01600985221674877,0.07512315270935961,0.32954545454545453,0.875,0.7973018360949395,0.30952380952380953
spill,1,E1,spillover,2,900,88,-0.0016985646459082024,0.9568965517241379,0.008620689655172414,0.059113300492610835,0.38636363636363635,0.8295454545454546,0.8378862516793552,0.17073170731707318
spill,1,E1_analytic,autonomous,-1,900,84,0.0040724787992868095,0.6593137254901961,0.19607843137254902,0.3382352941176471,0.9285714285714286,0.9880952380952381,0.9618930905695612,0.6722689075630253
spill,1,E1_analytic,spillover,0,900,88,-0.01047812553441408,0.9064039408866995,0.022167487684729065,0.09236453201970443,0.19318181818181818,0.8295454545454546,0.7163009404388715,0.5142857142857142
spill,1,E1_analytic,spillover,1,900,88,-0.005122221599967437,0.937192118226601,0.01600985221674877,0.07512315270935961,0.32954545454545453,0.875,0.7993870353784146,0.30952380952380953
spill,1,E1_analytic,spillover,2,900,88,-0.0016985646459082024,0.9519704433497537,0.008620689655172414,0.059113300492610835,0.38636363636363635,0.8295454545454546,0.8379002463054188,0.17073170731707318
spill,1,E2,autonomous,-1,900,84,0.004071514684802124,0.6348039215686274,0.23161764705882354,0.36519607843137253,0.9404761904761905,1.0,0.9637605042016807,0.7052238805970149
spill,1,E2,spillover,0,900,88,-0.013708698185724998,0.8990147783251231,0.034482758620689655,0.10098522167487685,0.19318181818181818,0.7840909090909091,0.7321428571428572,0.6222222222222222
spill,1,E2,spillover,1,900,88,-0.00523380501560724,0.9396551724137931,0.023399014778325122,0.0603448275862069,0.375,0.8977272727272727,0.7722374608150471,0.36538461538461536
spill,1,E2,spillover,2,900,88,-0.0015917114802921498,0.9458128078817734,0.012315270935960592,0.054187192118226604,0.3977272727272727,0.8181818181818182,0.83922973578146,0.2222222222222222
spill_bleed,0,E1,autonomous,-1,900,98,-0.01285067306638295,0.6608478802992519,0.19326683291770574,0.341645885286783,0.9387755102040817,1.0,0.9683698915975368,0.6275303643724697
spill_bleed,0,E1,spillover,0,900,67,-0.002521280959001243,0.9171668667466987,0.022809123649459785,0.08763505402160865,0.11940298507462686,0.835820895522388,0.6571285230510114,0.7037037037037037
spill_bleed,0,E1,spillover,1,900,67,-0.004174453479539794,0.9339735894357744,0.01800720288115246,0.07322929171668667,0.373134328358209,0.8955223880597015,0.7960617082653958,0.375
spill_bleed,0,E1,spillover,2,900,67,-0.000539153403283952,0.9447779111644657,0.004801920768307323,0.061224489795918366,0.3880597014925373,0.8955223880597015,0.7921915034670586,0.13333333333333333
spill_bleed,0,E1_analytic,autonomous,-1,900,98,-0.01285067306638295,0.6583541147132169,0.19326683291770574,0.341645885286783,0.9387755102040817,1.0,0.9674410911496769,0.6275303643724697
spill_bleed,0,E1_analytic,spillover,0,900,67,-0.002521280959001243,0.9111644657863145,0.022809123649459785,0.08763505402160865,0.11940298507462686,0.835820895522388,0.6498360538245149,0.7037037037037037
spill_bleed,0,E1_analytic,spillover,1,900,67,-0.004174453479539794,0.9303721488595438,0.01800720288115246,0.07322929171668667,0.373134328358209,0.8955223880597015,0.7979788930497572,0.375
spill_bleed,0,E1_analytic,spillover,2,900,67,-0.000539153403283952,0.9471788715486195,0.004801920768307323,0.061224489795918366,0.3880597014925373,0.8955223880597015,0.793965347332963,0.13333333333333333
spill_bleed,0,E2,autonomous,-1,900,98,-0.013972971886195586,0.6309226932668329,0.22942643391521197,0.3690773067331671,0.9489795918367347,1.0,0.9654435340220877,0.6642599277978339
spill_bleed,0,E2,spillover,0,900,67,-0.0030102015284360025,0.8991596638655462,0.025210084033613446,0.10084033613445378,0.16417910447761194,0.7761194029850746,0.6759420185984841,0.65625
spill_bleed,0,E2,spillover,1,900,67,-0.0061732567894928125,0.9111644657863145,0.026410564225690276,0.08883553421368548,0.4626865671641791,0.8656716417910447,0.7934815717331708,0.41509433962264153
spill_bleed,0,E2,spillover,2,900,67,-0.0009964959223201218,0.929171668667467,0.008403361344537815,0.07082833133253301,0.3880597014925373,0.9104477611940298,0.8016520040852162,0.21212121212121213
spill_bleed,1,E1,autonomous,-1,900,84,0.00357213730074973,0.6397058823529411,0.21200980392156862,0.3639705882352941,0.9285714285714286,0.9880952380952381,0.9538106909430437,0.6892430278884463
spill_bleed,1,E1,spillover,0,900,88,-0.005435514418788321,0.916256157635468,0.03078817733990148,0.09236453201970443,0.14772727272727273,0.8977272727272727,0.7172665696372593,0.6578947368421053
spill_bleed,1,E1,spillover,1,900,88,-0.00819842083889251,0.9187192118226601,0.022167487684729065,0.08374384236453201,0.4659090909090909,0.8977272727272727,0.8581924540976266,0.3050847457627119
spill_bleed,1,E1,spillover,2,900,88,-0.0030929139824090288,0.9408866995073891,0.013546798029556651,0.05665024630541872,0.5,0.8977272727272727,0.8620549708911778,0.2
spill_bleed,1,E1_analytic,autonomous,-1,900,84,0.00357213730074973,0.6421568627450981,0.21200980392156862,0.3639705882352941,0.9285714285714286,0.9880952380952381,0.954875700280112,0.6892430278884463
spill_bleed,1,E1_analytic,spillover,0,900,88,-0.005435514418788321,0.9125615763546798,0.03078817733990148,0.09236453201970443,0.14772727272727273,0.8977272727272727,0.7170986341244963,0.6578947368421053
spill_bleed,1,E1_analytic,spillover,1,900,88,-0.00819842083889251,0.9199507389162561,0.022167487684729065,0.08374384236453201,0.4659090909090909,0.8977272727272727,0.859577922077922,0.3050847457627119
spill_bleed,1,E1_analytic,spillover,2,900,88,-0.0030929139824090288,0.9408866995073891,0.013546798029556651,0.05665024630541872,0.5,0.8977272727272727,0.8630765785938199,0.2
spill_bleed,1,E2,autonomous,-1,900,84,0.0025309402992324277,0.6053921568627451,0.24509803921568626,0.3946078431372549,0.9285714285714286,1.0,0.957312091503268,0.7194244604316546
spill_bleed,1,E2,spillover,0,900,88,-0.00944672696244878,0.8866995073891626,0.04064039408866995,0.11330049261083744,0.22727272727272727,0.875,0.6987516793551277,0.6226415094339622
spill_bleed,1,E2,spillover,1,900,88,-0.008895472148727388,0.8830049261083743,0.038177339901477834,0.11699507389162561,0.45454545454545453,0.9090909090909091,0.8348634124496193,0.43661971830985913
spill_bleed,1,E2,spillover,2,900,88,-0.0026624303619931676,0.9359605911330049,0.020935960591133004,0.06403940886699508,0.48863636363636365,0.8977272727272727,0.8345975145544112,0.2833333333333333
spill_density,0,E1,autonomous,-1,900,98,-0.014306642451619788,0.6708229426433915,0.1770573566084788,0.33042394014962595,0.9285714285714286,1.0,0.9609903811898826,0.6094420600858369
spill_density,0,E1,spillover,0,900,67,-0.0007175882520988305,0.929171668667467,0.003601440576230492,0.07082833133253301,0.08955223880597014,0.8805970149253731,0.6415401981688198,0.3333333333333333
spill_density,0,E1,spillover,1,900,67,0.0013444106605976867,0.9243697478991597,0.013205282112845138,0.07082833133253301,0.29850746268656714,0.8955223880597015,0.7795237497984269,0.3548387096774194
spill_density,0,E1,spillover,2,900,67,-1.9193574896863256e-05,0.9351740696278511,0.006002400960384154,0.06962785114045618,0.2537313432835821,0.8805970149253731,0.7905251652899966,0.22727272727272727
spill_density,0,E1_analytic,autonomous,-1,900,98,-0.014306642451619788,0.6708229426433915,0.1770573566084788,0.33042394014962595,0.9285714285714286,1.0,0.9626444093847014,0.6094420600858369
spill_density,0,E1_analytic,spillover,0,900,67,-0.0007175882520988305,0.9327731092436975,0.003601440576230492,0.07082833133253301,0.08955223880597014,0.8805970149253731,0.6393004963179302,0.3333333333333333
spill_density,0,E1_analytic,spillover,1,900,67,0.0013444106605976867,0.9255702280912365,0.013205282112845138,0.07082833133253301,0.29850746268656714,0.8955223880597015,0.7824801562416012,0.3548387096774194
spill_density,0,E1_analytic,spillover,2,900,67,-1.9193574896863256e-05,0.9351740696278511,0.006002400960384154,0.06962785114045618,0.2537313432835821,0.8805970149253731,0.7933203131999069,0.22727272727272727
spill_density,0,E2,autonomous,-1,900,98,-0.014360665741961568,0.6620947630922693,0.2057356608478803,0.33790523690773067,0.9591836734693877,1.0,0.9670593923354878,0.637065637065637
spill_density,0,E2,spillover,0,900,67,-0.0019253202323953466,0.9387755102040817,0.006002400960384154,0.061224489795918366,0.14925373134328357,0.8656716417910447,0.6467183888480765,0.3333333333333333
spill_density,0,E2,spillover,1,900,67,-0.0007785946467528964,0.9243697478991597,0.015606242496998799,0.07563025210084033,0.34328358208955223,0.8955223880597015,0.7849169518553691,0.3611111111111111
spill_density,0,E2,spillover,2,900,67,-0.001329298922255075,0.9387755102040817,0.009603841536614645,0.061224489795918366,0.31343283582089554,0.8805970149253731,0.790292236297504,0.27586206896551724
spill_density,1,E1,autonomous,-1,900,84,0.0032471031955176866,0.6605392156862745,0.18504901960784315,0.33578431372549017,0.9642857142857143,0.9880952380952381,0.9713176937441643,0.6508620689655172
spill_density,1,E1,spillover,0,900,88,-0.0094225748341904,0.916256157635468,0.01600985221674877,0.08497536945812807,0.125,0.875,0.7391541648007165,0.5416666666666666
spill_density,1,E1,spillover,1,900,88,-0.0026676349814186763,0.9421182266009852,0.011083743842364532,0.06157635467980296,0.29545454545454547,0.8636363636363636,0.8176920062695925,0.2571428571428571
spill_density,1,E1,spillover,2,900,88,-0.00227305301148217,0.9458128078817734,0.012315270935960592,0.06403940886699508,0.3409090909090909,0.8636363636363636,0.8036414017017466,0.25
spill_density,1,E1_analytic,autonomous,-1,900,84,0.0032471031955176866,0.6629901960784313,0.18504901960784315,0.33578431372549017,0.9642857142857143,0.9880952380952381,0.9721055088702147,0.6508620689655172
spill_density,1,E1_analytic,spillover,0,900,88,-0.0094225748341904,0.9150246305418719,0.01600985221674877,0.08497536945812807,0.125,0.875,0.7358094491715181,0.5416666666666666
spill_density,1,E1_analytic,spillover,1,900,88,-0.0026676349814186763,0.9421182266009852,0.011083743842364532,0.06157635467980296,0.29545454545454547,0.8636363636363636,0.8235277653381102,0.2571428571428571
spill_density,1,E1_analytic,spillover,2,900,88,-0.00227305301148217,0.9433497536945813,0.012315270935960592,0.06403940886699508,0.3409090909090909,0.8636363636363636,0.8026337886251679,0.25
spill_density,1,E2,autonomous,-1,900,84,0.0034629685531178127,0.6299019607843137,0.23161764705882354,0.3700980392156863,0.9642857142857143,1.0,0.9722368113912231,0.7
spill_density,1,E2,spillover,0,900,88,-0.014310757161799406,0.8866995073891626,0.029556650246305417,0.11330049261083744,0.22727272727272727,0.875,0.7371809225257502,0.5454545454545454
spill_density,1,E2,spillover,1,900,88,-0.0034730616295161327,0.9273399014778325,0.014778325123152709,0.07266009852216748,0.36363636363636365,0.8295454545454546,0.7972738468428123,0.2727272727272727
spill_density,1,E2,spillover,2,900,88,-0.00303463940140696,0.9310344827586207,0.01600985221674877,0.06896551724137931,0.4318181818181818,0.8522727272727273,0.8061604343931931,0.2549019607843137
spill_clonal,0,E1,autonomous,-1,120,17,-0.1629185909881887,0.6601941747572816,0.17475728155339806,0.3592233009708738,0.5294117647058824,0.8823529411764706,0.7430039977155911,0.6666666666666666
spill_clonal,0,E1,spillover,1,600,57,-0.0030948872765478794,0.8895027624309392,0.049723756906077346,0.1141804788213628,0.07017543859649122,0.7017543859649122,0.5280927918322509,0.8709677419354839
spill_clonal,0,E1,spillover,2,900,92,-0.0054394383495952135,0.9158415841584159,0.007425742574257425,0.0853960396039604,0.08695652173913043,0.8478260869565217,0.6722583943176926,0.42857142857142855
spill_clonal,0,E1_analytic,autonomous,-1,120,17,-0.1629185909881887,0.6504854368932039,0.17475728155339806,0.3592233009708738,0.5294117647058824,0.8823529411764706,0.7458595088520845,0.6666666666666666
spill_clonal,0,E1_analytic,spillover,1,600,57,-0.0030948872765478794,0.8858195211786372,0.049723756906077346,0.1141804788213628,0.07017543859649122,0.7017543859649122,0.5370747310264612,0.8709677419354839
spill_clonal,0,E1_analytic,spillover,2,900,92,-0.0054394383495952135,0.9146039603960396,0.007425742574257425,0.0853960396039604,0.08695652173913043,0.8478260869565217,0.6793074687903573,0.42857142857142855
spill_clonal,0,E2,autonomous,-1,900,102,-0.012438585920936092,0.6027568922305765,0.24310776942355888,0.39724310776942356,0.8725490196078431,0.9117647058823529,0.8899823087129588,0.6855123674911661
spill_clonal,0,E2,spillover,0,900,92,-0.005126864944338969,0.9282178217821783,0.008663366336633664,0.07178217821782178,0.010869565217391304,0.6413043478260869,0.48966853207059835,0.875
spill_clonal,0,E2,spillover,1,900,92,-6.107845822277452e-05,0.948019801980198,0.0049504950495049506,0.05198019801980198,0.06521739130434782,0.717391304347826,0.5859610417563496,0.4
spill_clonal,0,E2,spillover,2,900,92,-0.0015762288103668822,0.9121287128712872,0.02103960396039604,0.08787128712871287,0.2391304347826087,0.9347826086956522,0.7192208351269911,0.4358974358974359
spill_clonal,1,E1,autonomous,-1,180,23,0.029184986325357123,0.8598726114649682,0.01910828025477707,0.14012738853503184,0.5652173913043478,0.8695652173913043,0.823317640542786,0.1875
spill_clonal,1,E1,spillover,1,540,53,0.00482690097955052,0.8829568788501027,0.030800821355236138,0.11498973305954825,0.0,0.6226415094339622,0.49905079229785754,1.0
spill_clonal,1,E1,spillover,2,900,106,-0.00428091986140166,0.9395465994962217,0.006297229219143577,0.06675062972292191,0.20754716981132076,0.8962264150943396,0.725357635093389,0.18518518518518517
spill_clonal,1,E1_analytic,autonomous,-1,180,23,0.029184986325357123,0.8598726114649682,0.01910828025477707,0.14012738853503184,0.5652173913043478,0.8695652173913043,0.8263638881196345,0.1875
spill_clonal,1,E1_analytic,spillover,1,540,53,0.00482690097955052,0.8891170431211499,0.030800821355236138,0.11498973305954825,0.0,0.6226415094339622,0.5050559838828407,1.0
spill_clonal,1,E1_analytic,spillover,2,900,106,-0.00428091986140166,0.924433249370277,0.006297229219143577,0.06675062972292191,0.20754716981132076,0.8962264150943396,0.7264863837270091,0.18518518518518517
spill_clonal,1,E2,autonomous,-1,900,88,0.0038352234606612986,0.646551724137931,0.20812807881773399,0.35344827586206895,0.8522727272727273,0.9545454545454546,0.9079433497536946,0.6926229508196722
spill_clonal,1,E2,spillover,0,900,106,-0.005195750145373979,0.9433249370277078,0.0012594458438287153,0.05667506297229219,0.009433962264150943,0.5849056603773585,0.5498194002186207,0.5
spill_clonal,1,E2,spillover,1,900,106,-0.004827491396215175,0.9219143576826196,0.0163727959697733,0.07808564231738035,0.09433962264150944,0.7452830188679245,0.5939475310108836,0.5652173913043478
spill_clonal,1,E2,spillover,2,900,106,-0.004209828684717778,0.8853904282115869,0.03400503778337532,0.11460957178841309,0.330188679245283,0.8962264150943396,0.7680362150087923,0.43548387096774194
spill_misassign,0,E1,autonomous,-1,900,98,-0.011848421638372917,0.6982543640897756,0.1658354114713217,0.2955112219451372,0.9285714285714286,0.9897959183673469,0.9590946104127437,0.59375
spill_misassign,0,E1,spillover,0,900,67,-0.0052820031053732305,0.9267707082833133,0.009603841536614645,0.07322929171668667,0.22388059701492538,0.8805970149253731,0.7083729013993658,0.34782608695652173
spill_misassign,0,E1,spillover,1,900,67,-0.00524324098428008,0.9231692677070829,0.012004801920768308,0.07322929171668667,0.44776119402985076,0.8507462686567164,0.8357313074483526,0.25
spill_misassign,0,E1,spillover,2,900,67,0.00011481142992679856,0.9387755102040817,0.009603841536614645,0.06842737094837935,0.44776119402985076,0.9253731343283582,0.8482557201985272,0.21052631578947367
spill_misassign,0,E1_analytic,autonomous,-1,900,98,-0.011848421638372917,0.7094763092269327,0.1658354114713217,0.2955112219451372,0.9285714285714286,0.9897959183673469,0.9589164842994554,0.59375
spill_misassign,0,E1_analytic,spillover,0,900,67,-0.0052820031053732305,0.9267707082833133,0.009603841536614645,0.07322929171668667,0.22388059701492538,0.8805970149253731,0.7134615040045869,0.34782608695652173
spill_misassign,0,E1_analytic,spillover,1,900,67,-0.00524324098428008,0.9231692677070829,0.012004801920768308,0.07322929171668667,0.44776119402985076,0.8507462686567164,0.8349250147820323,0.25
spill_misassign,0,E1_analytic,spillover,2,900,67,0.00011481142992679856,0.9423769507803121,0.009603841536614645,0.06842737094837935,0.44776119402985076,0.9253731343283582,0.8541864506996828,0.21052631578947367
spill_misassign,0,E2,autonomous,-1,900,98,-0.011922051633127453,0.6608478802992519,0.2144638403990025,0.33915211970074816,0.9285714285714286,0.9897959183673469,0.9555320881469795,0.6539923954372624
spill_misassign,0,E2,spillover,0,900,67,-0.005788214243636553,0.8247298919567827,0.08883553421368548,0.1752701080432173,0.6865671641791045,0.8507462686567164,0.8253390908602246,0.6166666666666667
spill_misassign,0,E2,spillover,1,900,67,-0.005368176982513899,0.9087635054021609,0.026410564225690276,0.09123649459783914,0.4626865671641791,0.8059701492537313,0.8072422999050367,0.41509433962264153
spill_misassign,0,E2,spillover,2,900,67,0.0002777531341492617,0.929171668667467,0.01800720288115246,0.07082833133253301,0.4925373134328358,0.9253731343283582,0.8470731576212576,0.3125
spill_misassign,1,E1,autonomous,-1,900,84,0.008461289257347458,0.6348039215686274,0.21200980392156862,0.36151960784313725,0.9166666666666666,1.0,0.960609243697479,0.692
spill_misassign,1,E1,spillover,0,900,88,-0.0108205119958595,0.9150246305418719,0.023399014778325122,0.0960591133004926,0.3068181818181818,0.8522727272727273,0.7786469995521719,0.41304347826086957
spill_misassign,1,E1,spillover,1,900,88,-0.007380575740684001,0.916256157635468,0.024630541871921183,0.08990147783251232,0.5340909090909091,0.9090909090909091,0.8395516121809224,0.29850746268656714
spill_misassign,1,E1,spillover,2,900,88,-0.0026548762331669775,0.9408866995073891,0.013546798029556651,0.06773399014778325,0.6022727272727273,0.8522727272727273,0.852860501567398,0.171875
spill_misassign,1,E1_analytic,autonomous,-1,900,84,0.008461289257347458,0.6433823529411765,0.21200980392156862,0.36151960784313725,0.9166666666666666,1.0,0.9614408263305322,0.692
spill_misassign,1,E1_analytic,spillover,0,900,88,-0.0108205119958595,0.9076354679802956,0.023399014778325122,0.0960591133004926,0.3068181818181818,0.8522727272727273,0.7786330049261084,0.41304347826086957
spill_misassign,1,E1_analytic,spillover,1,900,88,-0.007380575740684001,0.9199507389162561,0.024630541871921183,0.08990147783251232,0.5340909090909091,0.9090909090909091,0.8401813703537842,0.29850746268656714
spill_misassign,1,E1_analytic,spillover,2,900,88,-0.0026548762331669775,0.9396551724137931,0.013546798029556651,0.06773399014778325,0.6022727272727273,0.8522727272727273,0.8530844155844156,0.171875
spill_misassign,1,E2,autonomous,-1,900,84,0.006097575510587282,0.6090686274509803,0.24387254901960784,0.3909313725490196,0.9404761904761905,0.9880952380952381,0.9616596638655462,0.7158273381294964
spill_misassign,1,E2,spillover,0,900,88,-0.02115265703314464,0.7623152709359606,0.1440886699507389,0.2376847290640394,0.6931818181818182,0.8636363636363636,0.8109046126287506,0.6573033707865169
spill_misassign,1,E2,spillover,1,900,88,-0.005911037438544779,0.9064039408866995,0.0332512315270936,0.09359605911330049,0.5681818181818182,0.9090909090909091,0.8482562695924765,0.35064935064935066
spill_misassign,1,E2,spillover,2,900,88,-0.0015811847029149422,0.9261083743842364,0.019704433497536946,0.07389162561576355,0.5909090909090909,0.8522727272727273,0.8627547021943575,0.23529411764705882
everything,0,E1,autonomous,-1,120,17,-0.08055149790880492,0.8446601941747572,0.07766990291262135,0.1553398058252427,0.4117647058823529,0.9411764705882353,0.6927470017133066,0.5333333333333333
everything,0,E1,spillover,1,600,57,-0.0029370754246387013,0.8968692449355433,0.0423572744014733,0.09760589318600368,0.07017543859649122,0.6491228070175439,0.5674776259248488,0.8518518518518519
everything,0,E1,spillover,2,900,92,-0.0030957701471685736,0.9183168316831684,0.007425742574257425,0.09653465346534654,0.07608695652173914,0.7934782608695652,0.6820921222557038,0.46153846153846156
everything,0,E1_analytic,autonomous,-1,120,17,-0.08055149790880492,0.8349514563106796,0.07766990291262135,0.1553398058252427,0.4117647058823529,0.9411764705882353,0.6984580239862936,0.5333333333333333
everything,0,E1_analytic,spillover,1,600,57,-0.0029370754246387013,0.8950276243093923,0.0423572744014733,0.09760589318600368,0.07017543859649122,0.6491228070175439,0.5687053730089496,0.8518518518518519
everything,0,E1_analytic,spillover,2,900,92,-0.0030957701471685736,0.9183168316831684,0.007425742574257425,0.09653465346534654,0.07608695652173914,0.7934782608695652,0.6833162935858803,0.46153846153846156
everything,0,E2,autonomous,-1,900,102,-0.015835402940935245,0.631578947368421,0.2506265664160401,0.3684210526315789,0.8627450980392157,0.9509803921568627,0.897611676249447,0.6944444444444444
everything,0,E2,spillover,0,900,92,-0.002725071706292153,0.8873762376237624,0.02599009900990099,0.11262376237623763,0.09782608695652174,0.717391304347826,0.6358964700817907,0.7
everything,0,E2,spillover,1,900,92,0.0007094033425338103,0.9245049504950495,0.01485148514851485,0.07549504950495049,0.06521739130434782,0.6413043478260869,0.6482727077055532,0.6666666666666666
everything,0,E2,spillover,2,900,92,-0.0015889584070413096,0.8910891089108911,0.034653465346534656,0.10891089108910891,0.34782608695652173,0.8478260869565217,0.7765685535944898,0.4666666666666667
everything,1,E1,autonomous,-1,180,23,0.05791496849660115,0.9171974522292994,0.025477707006369428,0.08280254777070063,0.4782608695652174,0.782608695652174,0.7754084741068956,0.26666666666666666
everything,1,E1,spillover,1,540,53,0.04942419740974996,0.8850102669404517,0.045174537987679675,0.13963039014373715,0.05660377358490566,0.6037735849056604,0.5012978962457866,0.88
everything,1,E1,spillover,2,900,106,-0.005838661053921117,0.9357682619647355,0.003778337531486146,0.06926952141057935,0.2169811320754717,0.8773584905660378,0.7687847535763509,0.11538461538461539
everything,1,E1_analytic,autonomous,-1,180,23,0.05791496849660115,0.9171974522292994,0.025477707006369428,0.08280254777070063,0.4782608695652174,0.782608695652174,0.780947106064802,0.26666666666666666
everything,1,E1_analytic,spillover,1,540,53,0.04942419740974996,0.8726899383983573,0.045174537987679675,0.13963039014373715,0.05660377358490566,0.6037735849056604,0.5082716671186703,0.88
everything,1,E1_analytic,spillover,2,900,106,-0.005838661053921117,0.9219143576826196,0.003778337531486146,0.06926952141057935,0.2169811320754717,0.8773584905660378,0.7712323558766219,0.11538461538461539
everything,1,E2,autonomous,-1,900,88,0.0003439263997500217,0.6810344827586207,0.18596059113300492,0.31896551724137934,0.875,0.9772727272727273,0.8977972458575907,0.6622807017543859
everything,1,E2,spillover,0,900,106,-0.009281251280253684,0.8664987405541562,0.030226700251889168,0.13350125944584382,0.12264150943396226,0.7547169811320755,0.6609001473314007,0.6486486486486487
everything,1,E2,spillover,1,900,106,-0.003641019558325301,0.9168765743073047,0.008816120906801008,0.08312342569269521,0.0660377358490566,0.6320754716981132,0.6211919585571027,0.5
everything,1,E2,spillover,2,900,106,-0.005382283109391697,0.8261964735516373,0.05919395465994962,0.17380352644836272,0.4716981132075472,0.8773584905660378,0.7706501592129652,0.4845360824742268
